{"labs": [{"exercises": [{"template_override": 1, "stimuli_ids": [], "_data": [{"contents": [{"content": "<span class=\"tool-tip\" id=\"tip_3_2\">Good morning</span>, John! It is a nice day. ", "type": "text"}], "type": "instructions"}, {"contents": [{"content": "Activity 3", "type": "group_name"}], "type": "group"}, {"contents": [{"content": "Listening", "value": "{\"type\": \"skill\", \"content\": \"Listening\"}", "type": "skill", "valid": 1}, {"content": "Reading", "value": "{\"type\": \"skill\", \"content\": \"Reading\"}", "type": "skill", "valid": 1}, {"content": " ", "value": "{\"type\": \"skill\", \"content\": \" \"}", "type": "skill", "valid": 1}, {"content": "Speaking", "type": "skill"}], "type": "learning_skills"}, {"contents": [{"content": "Instructions: <span class = \"bullet\">Listen to the audio</span>.  <span class = \"bullet\">Record yourself saying the sentences aloud</span>. <span class = \"bullet\">Compare yourself to the audio.</span>", "type": "text"}], "type": "post_instructions"}, {"content": [{"content": "Polite greetings - Good morning<br />Casual greetings - Hi! Hey!", "type": "text", "tip_id": 0}, {"content": "<span class=\"italic\">\"Good morning\"</span> is a polite greeting. <span class=\"italic\">\"Hi\"</span> is a casual greeting.", "type": "text", "tip_id": 2}], "type": "tips"}, {"content": {"allowed_attempts": 2, "correct_feedback": "You are done!", "attempt_feedback": [{"content": "", "type": "text"}, {"content": "", "type": "text"}], "incorrect_feedback": [{"content": "", "type": "text"}, {"content": "", "type": "text"}]}, "type": "feedback"}], "id": 0, "questions": [{"responses": [{"selected": 0, "id": 0, "correct": 0, "_data": [{"content": "", "type": "text"}]}, {"selected": 0, "id": 1, "correct": 1, "_data": [{"content": "engenn1le01ob01re5aud01", "type": "text"}]}], "id": 0, "_data": [{"contents": [{"content": "Good morning, Ms. Smith.", "type": "text"}], "type": "question"}, {"content": "secondary_7", "type": "objective"}]}, {"responses": [{"selected": 0, "id": 0, "correct": 0, "_data": [{"content": "", "type": "text"}]}, {"selected": 0, "id": 1, "correct": 1, "_data": [{"content": "", "type": "text"}]}], "id": 1, "_data": [{"contents": [{"content": "", "type": "rec"}], "type": "question"}, {"content": "secondary_7", "type": "objective"}]}, {"responses": [{"selected": 0, "id": 0, "correct": 0, "_data": [{"content": "", "type": "text"}]}, {"selected": 0, "id": 1, "correct": 1, "_data": [{"content": "engenn1le01ob01re5aud02", "type": "text"}]}], "id": 2, "_data": [{"contents": [{"content": "Good morning, Bill. ", "type": "text"}], "type": "question"}, {"content": "secondary_7", "type": "objective"}]}, {"responses": [{"selected": 0, "id": 0, "correct": 0, "_data": [{"content": "", "type": "text"}]}, {"selected": 0, "id": 1, "correct": 1, "_data": [{"content": "", "type": "text"}]}], "id": 3, "_data": [{"contents": [{"content": "", "type": "rec"}], "type": "question"}, {"content": "secondary_7", "type": "objective"}]}, {"responses": [{"selected": 0, "id": 0, "correct": 0, "_data": [{"content": "", "type": "text"}]}, {"selected": 0, "id": 1, "correct": 1, "_data": [{"content": "engenn1le01ob01re5aud03", "type": "text"}]}], "id": 4, "_data": [{"contents": [{"content": "I am happy it is Friday!", "type": "text"}], "type": "question"}, {"content": "secondary_7", "type": "objective"}]}, {"responses": [{"selected": 0, "id": 0, "correct": 0, "_data": [{"content": "", "type": "text"}]}, {"selected": 0, "id": 1, "correct": 1, "_data": [{"content": "", "type": "text"}]}], "id": 5, "_data": [{"contents": [{"content": "", "type": "rec"}], "type": "question"}, {"content": "secondary_7", "type": "objective"}]}, {"responses": [{"selected": 0, "id": 0, "correct": 0, "_data": [{"content": "", "type": "text"}]}, {"selected": 0, "id": 1, "correct": 1, "_data": [{"content": "engenn1le01ob01re5aud04", "type": "text"}]}], "id": 6, "_data": [{"contents": [{"content": "Summer is my favorite season.", "type": "text"}], "type": "question"}, {"content": "secondary_7", "type": "objective"}]}, {"responses": [{"selected": 0, "id": 0, "correct": 0, "_data": [{"content": "", "type": "text"}]}, {"selected": 0, "id": 1, "correct": 1, "_data": [{"content": "", "type": "text"}]}], "id": 7, "_data": [{"contents": [{"content": "", "type": "rec"}], "type": "question"}, {"content": "secondary_7", "type": "objective"}]}, {"responses": [{"selected": 0, "id": 0, "correct": 0, "_data": [{"content": "", "type": "text"}]}, {"selected": 0, "id": 1, "correct": 1, "_data": [{"content": "engenn1le01ob01re5aud05", "type": "text"}]}], "id": 8, "_data": [{"contents": [{"content": "Good afternoon to you too, Angela.", "type": "text"}], "type": "question"}, {"content": "secondary_7", "type": "objective"}]}, {"responses": [{"selected": 0, "id": 0, "correct": 0, "_data": [{"content": "", "type": "text"}]}, {"selected": 0, "id": 1, "correct": 1, "_data": [{"content": "", "type": "text"}]}], "id": 9, "_data": [{"contents": [{"content": "", "type": "rec"}], "type": "question"}, {"content": "secondary_7", "type": "objective"}]}, {"responses": [{"selected": 0, "id": 0, "correct": 0, "_data": [{"content": "", "type": "text"}]}, {"selected": 0, "id": 1, "correct": 1, "_data": [{"content": "engenn1le01ob01re5aud06", "type": "text"}]}], "id": 10, "_data": [{"contents": [{"content": "Hey, Jenny.", "type": "text"}], "type": "question"}, {"content": "secondary_7", "type": "objective"}]}, {"responses": [{"selected": 0, "id": 0, "correct": 0, "_data": [{"content": "", "type": "text"}]}, {"selected": 0, "id": 1, "correct": 1, "_data": [{"content": "", "type": "text"}]}], "id": 11, "_data": [{"contents": [{"content": "", "type": "rec"}], "type": "question"}, {"content": "secondary_7", "type": "objective"}]}], "type": "SR1"}], "stimuli": [], "id": 0, "type": "scholar", "_data": [{"contents": [{"content": true, "type": "has_nav"}, {"content": true, "type": "has_exercise_controls"}], "type": "lab_options"}]}], "type": "sena", "_data": [{"contents": [{"content": "What's Your Name?", "type": "lesson_name"}, {"content": "Hello!", "type": "unit_name"}, {"content": 1, "type": "position"}, {"content": "stub", "type": "origin"}, {"content": 1, "type": "lesson"}, {"content": "Beginner", "type": "level"}], "type": "metadata"}, {"contents": [{"content": "false", "type": "test"}], "type": "achievment_test"}, {"contents": [{"content": "morning", "type": "name"}, {"content": "the early part of the day", "type": "definition"}, {"content": "(noun)", "type": "part_speech"}, {"content": "Example: The morning is cool.", "type": "example"}, {"content": "engenn1le01ob01aud01", "type": "audio"}], "type": "target_word"}, {"contents": [{"content": "weather", "type": "name"}, {"content": "wind, rain, sun, temperature ", "type": "definition"}, {"content": "(noun)", "type": "part_speech"}, {"content": "Example: The weather is nice today. It is sunny.", "type": "example"}, {"content": "engenn1le01ob01aud02", "type": "audio"}], "type": "target_word"}, {"contents": [{"content": "summer", "type": "name"}, {"content": "the time of the year when it is hot", "type": "definition"}, {"content": "(noun)", "type": "part_speech"}, {"content": "Example: Summer is a fun season.", "type": "example"}, {"content": "engenn1le01ob01aud03", "type": "audio"}], "type": "target_word"}, {"contents": [{"content": "season", "type": "name"}, {"content": "a time of the year: spring, summer, autumn, winter", "type": "definition"}, {"content": "(noun)", "type": "part_speech"}, {"content": "Example: There are four seasons in a year.", "type": "example"}, {"content": "engenn1le01ob01aud04", "type": "audio"}], "type": "target_word"}, {"contents": [{"content": "afternoon", "type": "name"}, {"content": "the middle of the day", "type": "definition"}, {"content": "(noun)", "type": "part_speech"}, {"content": "Example: The afternoon is hot.", "type": "example"}, {"content": "engenn1le01ob01aud05", "type": "audio"}], "type": "target_word"}, {"contents": [{"content": "Friday", "type": "name"}, {"content": "the day before the weekend", "type": "definition"}, {"content": "(noun)", "type": "part_speech"}, {"content": "Example: Everyone is happy on Friday.", "type": "example"}, {"content": "engenn1le01ob01aud06", "type": "audio"}], "type": "target_word"}, {"contents": [{"content": "night", "type": "name"}, {"content": "when it is dark", "type": "definition"}, {"content": "(noun)", "type": "part_speech"}, {"content": "Example: I am asleep at night.", "type": "example"}, {"content": "engenn1le01ob01aud07", "type": "audio"}], "type": "target_word"}, {"contents": [{"content": " These are words you hear in small talk.", "type": "text"}], "type": "target_word_describer"}, {"contents": [{"content": " The Verb To Be with I, He, She, It", "type": "heading"}, {"content": "The verb <span class=\"strong\">to be</span> is very common. You use the verb <span class=\"strong\">to be</span> in introductions and in statements. <br />Read the examples. Say them aloud.  ", "type": "describer"}, {"content": "{\"rows\":\"5\",\"columns\":\"4\",\"cells\":[\"{\\\"type\\\": \\\"text\\\", \\\"content\\\": \\\"<span class=\\\"strong\\\">Long Form</span>\\\"}\",\"{\\\"type\\\": \\\"text\\\", \\\"content\\\": \\\"<span class=\\\"strong\\\">Short Form</span>\\\"}\",\"{\\\"type\\\": \\\"text\\\", \\\"content\\\": \\\"<span class=\\\"strong\\\">Example </span>\\\"}\",\"\",\"{\\\"type\\\": \\\"text\\\", \\\"content\\\": \\\"I am \\\"}\",\"{\\\"type\\\": \\\"text\\\", \\\"content\\\": \\\"I'm \\\"}\",\"{\\\"type\\\": \\\"text\\\", \\\"content\\\": \\\"<span class=\\\"italic\\\">I'm a student.</span>\\\"}\",\"{\\\"type\\\": \\\"image\\\", \\\"content\\\": \\\"engenn1le01ob01img01.jpg\\\"}\",\"{\\\"type\\\": \\\"text\\\", \\\"content\\\": \\\"He is\\\"}\",\"{\\\"type\\\": \\\"text\\\", \\\"content\\\": \\\"He's \\\"}\",\"{\\\"type\\\": \\\"text\\\", \\\"content\\\": \\\"<span class=\\\"italic\\\">He's a teacher.</span>\\\"}\",\"{\\\"type\\\": \\\"image\\\", \\\"content\\\": \\\"engenn1le01ob01img02.jpg\\\"}\",\"{\\\"type\\\": \\\"text\\\", \\\"content\\\": \\\"She is\\\"}\",\"{\\\"type\\\": \\\"text\\\", \\\"content\\\": \\\"She's\\\"}\",\"{\\\"type\\\": \\\"text\\\", \\\"content\\\": \\\"<span class=\\\"italic\\\">She is a woman.</span>\\\"}\",\"{\\\"type\\\": \\\"image\\\", \\\"content\\\": \\\"engenn1le01ob01img03.jpg\\\"}\",\"{\\\"type\\\": \\\"text\\\", \\\"content\\\": \\\"It is\\\"}\",\"{\\\"type\\\": \\\"text\\\", \\\"content\\\": \\\"It's \\\"}\",\"{\\\"type\\\": \\\"text\\\", \\\"content\\\": \\\"<span class=\\\"italic\\\">It is a book.</span>\\\"}\",\"{\\\"type\\\": \\\"image\\\", \\\"content\\\": \\\"engenn1le01ob01img04.jpg\\\"}\"],\"styles\":\" intro_table_border instruction_table_background\"}", "type": "table"}], "type": "learning_points"}, {"contents": [{"content": " Polite and Casual Greetings", "type": "heading"}, {"content": "You use polite greetings with people at work.  You use casual greetings with people you know.<br />  Read the chart.  Say the polite and casual greetings.", "type": "describer"}, {"content": "{\"rows\":\"3\",\"columns\":\"3\",\"cells\":[\"{\\\"type\\\": \\\"text\\\", \\\"content\\\": \\\"<span class=\\\"strong\\\">Types of Greetings</span>\\\"}\",\"{\\\"type\\\": \\\"text\\\", \\\"content\\\": \\\"<span class=\\\"strong\\\">Example</span>\\\"}\",\"{\\\"type\\\": \\\"text\\\", \\\"content\\\": \\\"<span class=\\\"strong\\\">Example Dialogue</span>\\\"}\",\"{\\\"type\\\": \\\"text\\\", \\\"content\\\": \\\"Polite Greetings\\\"}\",\"{\\\"type\\\": \\\"text\\\", \\\"content\\\": \\\"<span class=\\\"italic\\\">Hello.<br /> Good morning.<br />Good afternoon.<br />Good evening.</span>\\\"}\",\"{\\\"type\\\": \\\"text\\\", \\\"content\\\": \\\"<span class=\\\"italic\\\"><span class=\\\"strong\\\">Mr. Rogers</span>: Hello, Ms. Smith.<br /> <span class=\\\"strong\\\">Ms. Smith</span>: Good morning, Mr. Rogers.</span>\\\"}\",\"{\\\"type\\\": \\\"text\\\", \\\"content\\\": \\\"Casual Greetings\\\"}\",\"{\\\"type\\\": \\\"text\\\", \\\"content\\\": \\\"<span class=\\\"italic\\\">Hi.<br /> Hey. <br />Hello.<br /> Morning.<br />Afternoon.<br />Evening.</span>\\\"}\",\"{\\\"type\\\": \\\"text\\\", \\\"content\\\": \\\"<span class=\\\"italic\\\"><span class=\\\"strong\\\">Karla</span>: Hey, Jason.<br /><span class=\\\"strong\\\">Jason</span>: Hi, Karla.</span>\\\"}\"],\"styles\":\" intro_table_border instruction_table_background\"}", "type": "table"}], "type": "learning_points"}, {"contents": [{"content": "winter", "type": "name"}, {"content": "the time of the year when it is cold", "type": "definition"}, {"content": "(noun)", "type": "part_speech"}, {"content": "Example: Winter is a cold season.", "type": "example"}, {"content": "engenn1le01ob01aud08", "type": "audio"}], "type": "target_word"}, {"contents": [{"content": "Exchange basic personal information.", "type": "primary"}, {"content": "Uses the correct greeting expressions and polite expressions depending on the type of interlocutor. ", "type": "secondary_7"}], "type": "objectives"}, {"content": "engenn1le01ob01re1img01.jpg", "type": "background_image"}]}