<?xml version="1.0" encoding="UTF-8" standalone="no"?><lom xmlns="http://ltsc.ieee.org/xsd/LOM">
    <general>
        <identifier>
            <catalog catName="" catSource="">esn1le01ob01re3</catalog>
        </identifier>
        <title lang="" subtitle="">¡Practiquemos!</title>
        <description lang="es">Este recurso educativo digital Practiquemos es el tercer recurso del objeto de aprendizaje “Las letras", que a su vez pertenece a la lección No. 1. Mi contexto, la cual pertenece al nivel Introductorio (Pre-A1) de la enseñanza del español como segunda lengua. Su intención es trabajar en actividades que permitan a los estudiantes reforzar sus habilidades lingüísticas.</description>
        <keyword lang=""><li>Fonema</li><li>Pronunciación</li><li>Sonidos</li><li>Voz</li></keyword>
        <structure schema="CEM"/>
        <aggregationLevel schema="CEM"/>
    </general>
    <lifeCycle/>
    <metaMetadata/>
    <technical/>
    <educational>
        <description>
            <recommendedUse lang="es">Este recurso educativo digital puede usarse como una actividad de práctica para trabajar en gramática y vocabulario.</recommendedUse>
            <triggerQuestion lang="es">¿Qué importancia tiene el abecedario para la comunicación?

¿Es importante saber sobre el abecedario para la lectura y la escritura?</triggerQuestion>
            <pedagogicalAspect lang="es">Este recurso permite al aprendiz trabajar en la gramática y vocabulario relacionado con las funciones comunicativas presentadas en el objeto de aprendizaje.</pedagogicalAspect>
            <learningGoal lang="es">La propuesta de este objeto de aprendizaje es relacionar la fonología del español y  los grafemas que corresponden o difieren con los fonemas en el sistema de escritura. Identifica y usa los elementos morfológicos más simples de la gramática española.</learningGoal>
        </description>
    </educational>
    <rights/>
    <classification>
    </classification>
<relation>
        <kind schema="">Es parte de</kind>
        <resource>
            <identifier>
                <catalog catName="" catSource="">esn1le01ob01</catalog>
            </identifier>
            <description lang="">En este objeto de aprendizaje “Las letras", que forma parte de la lección No.1. Mi contexto, la cual pertenece a su vez al nivel Introductorio (Pre-A1) de la enseñanza del español como segunda lengua. El aprendiz: Reconoce la grafía del español y puede usarla para dar ejemplos de léxico del español que se pueda asociar con cada letra. Una vez terminado el objeto, el aprendiz: Relaciona la fonología del español y los grafemas que corresponden o difieren con los fonemas en el sistema de escritura. Además, identifica y usa los elementos morfológicos más simples de la gramática española.</description>
        </resource>
</relation></lom>