<?xml version="1.0" encoding="UTF-8" standalone="no"?>
<lom xmlns="http://ltsc.ieee.org/xsd/LOM">
    <general>
        <identifier>
            <catalog catName="" catSource="">esn1le01ob01</catalog>
        </identifier>
        <title lang="" subtitle="">Las letras</title>
        <description lang="es">En este objeto de aprendizaje “Las letras", que forma parte de la lección No.1. Mi contexto, la cual pertenece a su vez al nivel Introductorio (Pre-A1) de la enseñanza del español como segunda lengua. El aprendiz: Reconoce la grafía del español y puede usarla para dar ejemplos de léxico del español que se pueda asociar con cada letra. Una vez terminado el objeto, el aprendiz: Relaciona la fonología del español y los grafemas que corresponden o difieren con los fonemas en el sistema de escritura. Además, identifica y usa los elementos morfológicos más simples de la gramática española.</description>
        <keyword lang="">
            <li>Fonología</li>
            <li>Grafemas</li>
            <li>Fonemas</li>
            <li>Elementos fonéticos</li>
        </keyword>
        <structure schema="CEM"/>
        <aggregationLevel schema="CEM"/>
    </general>
    <lifeCycle/>
    <metaMetadata/>
    <technical/>
    <educational>
        <description>
            <recommendedUse lang="es">Este objeto digital puede ser usado como una actividad práctica de punto de partida para desarrollar habilidades comunicativas de la vida diaria. El instructor puede trabajar con actividades y tareas como estas, con el fin de ayudar a los aprendices a mejorar su conocimiento procedimental.</recommendedUse>
            <triggerQuestion lang="es">¿Qué importancia tiene el abecedario para la comunicación? ; ¿Es importante saber sobre el abecedario para la lectura y la escritura?</triggerQuestion>
            <pedagogicalAspect lang="es">La información acerca del abecedario, es decir, los nombres de las letras. Se presenta en el contexto de la identificación del nombre de las letras, también para que se refuerce la relevancia de la grafía en el contexto occidental. Los aprendices estarán expuestos al vocabulario relacionado con palabras que inicien o contengan las letras del abecedario.</pedagogicalAspect>
            <learningGoal lang="es">La propuesta de este objeto de aprendizaje es relacionar la fonología del español y los grafemas que corresponden o difieren con los fonemas en el sistema de escritura. Identifica y usa los elementos morfológicos más simples de la gramática española.</learningGoal>
        </description>
    </educational>
    <rights/>
    <classification>
    </classification>
<relation>
        <kind schema="">Es parte de</kind>
        <resource>
            <identifier>
                <catalog catName="" catSource="">esn1le01</catalog>
            </identifier>
            <description lang="">En esta lección  "Mi contexto",  la cual pertenece al nivel Introductorio (Pre-A1) de la enseñanza del español como segunda lengua, el aprendiz  Conoce cómo los fonemas del español se relacionan prototípicamente con la grafía a través del abecedario y nombra entidades de su entorno con relativa eficacia. Una vez terminado el objeto, el aprendiz: Relaciona la fonología del español y  los grafemas que corresponden o difieren con los fonemas en el sistema de escritura. Identifica y usa los elementos morfológicos más simples de la gramática española.</description>
        </resource>
    </relation>
    <relation>
        <kind schema="">Está compuesto por</kind>
        <resource>
            <identifier>
                <catalog catName="" catSource="">esn1le01ob01re1</catalog>
            </identifier>
            <description lang="">Este recurso digital Empecemos, es el primer recurso del objeto  "Las letras", hace parte de la lección No. 1. Mi contexto, la cual pertenece al nivel Introductorio (Pre-A1) de la enseñanza del español como segunda lengua. Su intención es presentar la temática que se abordará en el objeto, el resultado del aprendizaje, la función comunicativa y las preguntas detonantes.</description>
        </resource>
    </relation>
    <relation>
        <kind schema="">Está compuesto por</kind>
        <resource>
            <identifier>
                <catalog catName="" catSource="">esn1le01ob01re6</catalog>
            </identifier>
            <description lang="">Este recurso educativo digital Evaluemos, es el sexto recurso del objeto “Las letras", que a su vez pertenece a la lección No. 1. Mi contexto, la cual pertenece al nivel Introductorio (Pre-A1), de la enseñanza del español como segunda lengua. Su intención es evaluar los conocimientos adquiridos por el aprendiz.</description>
        </resource>
    </relation>
    <relation>
        <kind schema="">Está compuesto por</kind>
        <resource>
            <identifier>
                <catalog catName="" catSource="">esn1le01ob01re7</catalog>
            </identifier>
            <description lang="">Este recurso educativo digital Aprendamos en papel es el séptimo recurso del objeto “Las letras", que a su vez pertenece a la lección No. 1 Mi contexto, la cual pertenece al nivel Introductorio (Pre-A1), de la enseñanza del español como segunda lengua.  Su intención es servir de apoyo imprimible para ser usado tanto en clase como fuera de ella.</description>
        </resource>
    </relation>
    <relation>
        <kind schema="">Está compuesto por</kind>
        <resource>
            <identifier>
                <catalog catName="" catSource="">esn1le01ob01re4</catalog>
            </identifier>
            <description lang="">Este recurso educativo digital Practiquemos es el cuarto recurso del objeto de aprendizaje “Las letras", que a su vez pertenece a la lección No. 1. Mi contexto, la cual pertenece al nivel Introductorio (Pre-A1) de la enseñanza del español como segunda lengua. Su intención es trabajar en actividades que permitan a los estudiantes reforzar sus habilidades lingüísticas.</description>
        </resource>
    </relation>
    <relation>
        <kind schema="">Está compuesto por</kind>
        <resource>
            <identifier>
                <catalog catName="" catSource="">esn1le01ob01re5</catalog>
            </identifier>
            <description lang="">Este recurso educativo digital Practiquemos es el quinto recurso del objeto “Las letras", que a su vez pertenece a la lección No. 1. Mi contexto, la cual pertenece al nivel Introductorio (Pre-A1), de la enseñanza del español como segunda lengua. Su intención es trabajar en actividades que permitan a los estudiantes reforzar sus habilidades lingüísticas.</description>
        </resource>
    </relation>
    <relation>
        <kind schema="">Está compuesto por</kind>
        <resource>
            <identifier>
                <catalog catName="" catSource="">esn1le01ob01re2</catalog>
            </identifier>
            <description lang="">Este recurso educativo digital Exploremos es el segundo recurso del objeto “Las letras", que a su vez pertenece a la lección No. 1. Mi contexto, la cual pertenece al nivel Introductorio (Pre-A1) de la enseñanza del español como segunda lengua. Su intención es presentar un estímulo que ayuda al aprendiz a integrar su conocimiento previo con el nuevo.</description>
        </resource>
    </relation>
    <relation>
        <kind schema="">Está compuesto por</kind>
        <resource>
            <identifier>
                <catalog catName="" catSource="">esn1le01ob01re3</catalog>
            </identifier>
            <description lang="">Este recurso educativo digital Practiquemos es el tercer recurso del objeto de aprendizaje “Las letras", que a su vez pertenece a la lección No. 1. Mi contexto, la cual pertenece al nivel Introductorio (Pre-A1) de la enseñanza del español como segunda lengua. Su intención es trabajar en actividades que permitan a los estudiantes reforzar sus habilidades lingüísticas.</description>
        </resource>
    </relation>
</lom>
