<!-- 
Manifest template to demonstrate the proper XML namespace declarations for
SCORM 2004 4th Edition manifests. 

Provided by Rustici Software - www.scorm.com.
--><manifest xmlns="http://www.imsglobal.org/xsd/imscp_v1p1" xmlns:adlcp="http://www.adlnet.org/xsd/adlcp_v1p3" xmlns:adlseq="http://www.adlnet.org/xsd/adlseq_v1p3" xmlns:adlnav="http://www.adlnet.org/xsd/adlnav_v1p3" xmlns:imsss="http://www.imsglobal.org/xsd/imsss" xmlns:xsi="http://www.w3.org/2001/XMLSchema-instance" xmlns:lom="http://ltsc.ieee.org/xsd/LOM" identifier="com.scorm.manifesttemplates.scorm2004.4thEd" version="1" xsi:schemaLocation="http://www.imsglobal.org/xsd/imscp_v1p1 imscp_v1p1.xsd                                        http://www.adlnet.org/xsd/adlcp_v1p3 adlcp_v1p3.xsd                                        http://www.adlnet.org/xsd/adlseq_v1p3 adlseq_v1p3.xsd                                        http://www.adlnet.org/xsd/adlnav_v1p3 adlnav_v1p3.xsd                                        http://www.imsglobal.org/xsd/imsss imsss_v1p0.xsd                                        http://ltsc.ieee.org/xsd/LOM lom.xsd"><metadata><schema>ADL SCORM</schema><schemaversion>2004 4th Edition</schemaversion><lom:lom><lom:general><lom:description><lom:string>Description</lom:string></lom:description></lom:general></lom:lom></metadata><organizations default="sena"><organization identifier="sena" adlseq:objectivesGlobalToSystem="false"><title>Sena</title><item identifier="level_0"><title>Beginner</title><item identifier="level_0_1"><title>What's Your Name?</title><item identifier="lesson_5001" identifierref="r" isvisible="true"><title>Hello!</title><adlcp:dataFromLMS>{"unit_name": "English", "client_id": 1, "course_name": "", "lang": "eng", "client_config": "default", "product_type": "sena", "sco_number": "5001", "level_name": "SENA"}</adlcp:dataFromLMS><sequencing><objectives><primaryObjective objectiveID="primary" satisfiedByMeasure="false"/><objective objectiveID="secondary_2"/></objectives><deliveryControls completionSetByContent="true" objectiveSetByContent="true"/></sequencing></item></item></item><sequencing><controlMode choice="false" flow="true"/></sequencing><metadata><adlcp:location/></metadata></organization></organizations><resources><resource href="index.html" identifier="r" type="webcontent" adlcp:scormType="sco"><file href="index.html"/></resource></resources></manifest>