{
  "name": "source-sans-pro",
  "main": "source-sans-pro.css",
  "homepage": "https://github.com/adobe-fonts/source-sans-pro",
  "repository": {
    "type": "git",
    "url": "https://github.com/adobe-fonts/source-sans-pro.git"
  },
  "authors": [
    {
      "name": "Paul D. Hunt"
    }
  ],
  "description": "Source Sans Pro font family by Adobe",
  "license": "SIL OFL 1.1",
  "keywords": [
    "font",
    "sourcesans",
    "sourcesanspro",
    "source sans",
    "source sans pro"
  ],
  "ignore": [
    "**/.*"
  ],
  "_release": "abdee0a911",
  "_resolution": {
    "type": "branch",
    "branch": "release",
    "commit": "abdee0a9117fe6ee6fd4f7d391e1100c9ba0c507"
  },
  "_source": "git://github.com/adobe-fonts/source-sans-pro.git",
  "_target": "release",
  "_originalSource": "source-sans-pro"
}