{"labs": [{"exercises": [{"img_path": "", "template_override": 1, "type": "WLC", "stimuli_ids": [0], "id": 0, "questions": [], "_data": [{"contents": [{"content": "I can introduce myself and provide basic personal information.", "type": "Learning Outcomes"}, {"content": "I can say hello to a friend and a co-worker.", "type": "Learning Outcomes"}, {"content": "I can say the times of the day and the seasons.", "type": "Learning Outcomes"}, {"content": "How do you say hello to friends?", "type": "Free Header Item"}, {"content": "How do you say hello to your teacher?", "type": "Free Header Item"}], "type": "instructions"}, {"contents": [{"content": "Welcome", "type": "group_name"}], "type": "group"}, {"content": {"allowed_attempts": 2, "correct_feedback": "Correct", "attempt_feedback": [{"content": "You have 2 tries", "type": "text"}, {"content": "you have 1 attempt left", "type": "text"}], "incorrect_feedback": [{"content": "try again", "type": "text"}, {"content": "Maybe next time", "type": "text"}]}, "type": "feedback"}, {"content": "Ask your partner: ", "type": "free_header_text"}, {"content": "Ciao! Hola! Hello! Say hello to friends. Say hello to <span class=\"text-nowrap\">co-workers.</span>", "type": "free_type_text_area"}]}], "stimuli": [{"_data": [], "id": 0, "type": "welcome", "contents": [{}]}], "id": 0, "type": "scholar", "_data": [{"contents": [{"content": true, "type": "has_nav"}, {"content": true, "type": "has_exercise_controls"}], "type": "lab_options"}]}], "type": "sena", "_data": [{"contents": [{"content": "What's Your Name?", "type": "lesson_name"}, {"content": "Hello!", "type": "unit_name"}, {"content": 1, "type": "position"}, {"content": "stub", "type": "origin"}, {"content": 1, "type": "lesson"}, {"content": "Beginner", "type": "level"}], "type": "metadata"}, {"contents": [{"content": "false", "type": "test"}], "type": "achievment_test"}, {"contents": [{"content": "morning", "type": "name"}, {"content": "the early part of the day", "type": "definition"}, {"content": "(noun)", "type": "part_speech"}, {"content": "Example: The morning is cool.", "type": "example"}, {"content": "engenn1le01ob01aud01", "type": "audio"}], "type": "target_word"}, {"contents": [{"content": "weather", "type": "name"}, {"content": "wind, rain, sun, temperature ", "type": "definition"}, {"content": "(noun)", "type": "part_speech"}, {"content": "Example: The weather is nice today. It is sunny.", "type": "example"}, {"content": "engenn1le01ob01aud02", "type": "audio"}], "type": "target_word"}, {"contents": [{"content": "summer", "type": "name"}, {"content": "the time of the year when it is hot", "type": "definition"}, {"content": "(noun)", "type": "part_speech"}, {"content": "Example: Summer is a fun season.", "type": "example"}, {"content": "engenn1le01ob01aud03", "type": "audio"}], "type": "target_word"}, {"contents": [{"content": "season", "type": "name"}, {"content": "a time of the year: spring, summer, autumn, winter", "type": "definition"}, {"content": "(noun)", "type": "part_speech"}, {"content": "Example: There are four seasons in a year.", "type": "example"}, {"content": "engenn1le01ob01aud04", "type": "audio"}], "type": "target_word"}, {"contents": [{"content": "afternoon", "type": "name"}, {"content": "the middle of the day", "type": "definition"}, {"content": "(noun)", "type": "part_speech"}, {"content": "Example: The afternoon is hot.", "type": "example"}, {"content": "engenn1le01ob01aud05", "type": "audio"}], "type": "target_word"}, {"contents": [{"content": "Friday", "type": "name"}, {"content": "the day before the weekend", "type": "definition"}, {"content": "(noun)", "type": "part_speech"}, {"content": "Example: Everyone is happy on Friday.", "type": "example"}, {"content": "engenn1le01ob01aud06", "type": "audio"}], "type": "target_word"}, {"contents": [{"content": "night", "type": "name"}, {"content": "when it is dark", "type": "definition"}, {"content": "(noun)", "type": "part_speech"}, {"content": "Example: I am asleep at night.", "type": "example"}, {"content": "engenn1le01ob01aud07", "type": "audio"}], "type": "target_word"}, {"contents": [{"content": " These are words you hear in small talk.", "type": "text"}], "type": "target_word_describer"}, {"contents": [{"content": " The Verb To Be with I, He, She, It", "type": "heading"}, {"content": "The verb <span class=\"strong\">to be</span> is very common. You use the verb <span class=\"strong\">to be</span> in introductions and in statements. <br />Read the examples. Say them aloud.  ", "type": "describer"}, {"content": "{\"rows\":\"5\",\"columns\":\"4\",\"cells\":[\"{\\\"type\\\": \\\"text\\\", \\\"content\\\": \\\"<span class=\\\"strong\\\">Long Form</span>\\\"}\",\"{\\\"type\\\": \\\"text\\\", \\\"content\\\": \\\"<span class=\\\"strong\\\">Short Form</span>\\\"}\",\"{\\\"type\\\": \\\"text\\\", \\\"content\\\": \\\"<span class=\\\"strong\\\">Example </span>\\\"}\",\"\",\"{\\\"type\\\": \\\"text\\\", \\\"content\\\": \\\"I am \\\"}\",\"{\\\"type\\\": \\\"text\\\", \\\"content\\\": \\\"I'm \\\"}\",\"{\\\"type\\\": \\\"text\\\", \\\"content\\\": \\\"<span class=\\\"italic\\\">I'm a student.</span>\\\"}\",\"{\\\"type\\\": \\\"image\\\", \\\"content\\\": \\\"engenn1le01ob01img01.jpg\\\"}\",\"{\\\"type\\\": \\\"text\\\", \\\"content\\\": \\\"He is\\\"}\",\"{\\\"type\\\": \\\"text\\\", \\\"content\\\": \\\"He's \\\"}\",\"{\\\"type\\\": \\\"text\\\", \\\"content\\\": \\\"<span class=\\\"italic\\\">He's a teacher.</span>\\\"}\",\"{\\\"type\\\": \\\"image\\\", \\\"content\\\": \\\"engenn1le01ob01img02.jpg\\\"}\",\"{\\\"type\\\": \\\"text\\\", \\\"content\\\": \\\"She is\\\"}\",\"{\\\"type\\\": \\\"text\\\", \\\"content\\\": \\\"She's\\\"}\",\"{\\\"type\\\": \\\"text\\\", \\\"content\\\": \\\"<span class=\\\"italic\\\">She is a woman.</span>\\\"}\",\"{\\\"type\\\": \\\"image\\\", \\\"content\\\": \\\"engenn1le01ob01img03.jpg\\\"}\",\"{\\\"type\\\": \\\"text\\\", \\\"content\\\": \\\"It is\\\"}\",\"{\\\"type\\\": \\\"text\\\", \\\"content\\\": \\\"It's \\\"}\",\"{\\\"type\\\": \\\"text\\\", \\\"content\\\": \\\"<span class=\\\"italic\\\">It is a book.</span>\\\"}\",\"{\\\"type\\\": \\\"image\\\", \\\"content\\\": \\\"engenn1le01ob01img04.jpg\\\"}\"],\"styles\":\" intro_table_border instruction_table_background\"}", "type": "table"}], "type": "learning_points"}, {"contents": [{"content": " Polite and Casual Greetings", "type": "heading"}, {"content": "You use polite greetings with people at work.  You use casual greetings with people you know.<br />  Read the chart.  Say the polite and casual greetings.", "type": "describer"}, {"content": "{\"rows\":\"3\",\"columns\":\"3\",\"cells\":[\"{\\\"type\\\": \\\"text\\\", \\\"content\\\": \\\"<span class=\\\"strong\\\">Types of Greetings</span>\\\"}\",\"{\\\"type\\\": \\\"text\\\", \\\"content\\\": \\\"<span class=\\\"strong\\\">Example</span>\\\"}\",\"{\\\"type\\\": \\\"text\\\", \\\"content\\\": \\\"<span class=\\\"strong\\\">Example Dialogue</span>\\\"}\",\"{\\\"type\\\": \\\"text\\\", \\\"content\\\": \\\"Polite Greetings\\\"}\",\"{\\\"type\\\": \\\"text\\\", \\\"content\\\": \\\"<span class=\\\"italic\\\">Hello.<br /> Good morning.<br />Good afternoon.<br />Good evening.</span>\\\"}\",\"{\\\"type\\\": \\\"text\\\", \\\"content\\\": \\\"<span class=\\\"italic\\\"><span class=\\\"strong\\\">Mr. Rogers</span>: Hello, Ms. Smith.<br /> <span class=\\\"strong\\\">Ms. Smith</span>: Good morning, Mr. Rogers.</span>\\\"}\",\"{\\\"type\\\": \\\"text\\\", \\\"content\\\": \\\"Casual Greetings\\\"}\",\"{\\\"type\\\": \\\"text\\\", \\\"content\\\": \\\"<span class=\\\"italic\\\">Hi.<br /> Hey. <br />Hello.<br /> Morning.<br />Afternoon.<br />Evening.</span>\\\"}\",\"{\\\"type\\\": \\\"text\\\", \\\"content\\\": \\\"<span class=\\\"italic\\\"><span class=\\\"strong\\\">Karla</span>: Hey, Jason.<br /><span class=\\\"strong\\\">Jason</span>: Hi, Karla.</span>\\\"}\"],\"styles\":\" intro_table_border instruction_table_background\"}", "type": "table"}], "type": "learning_points"}, {"contents": [{"content": "winter", "type": "name"}, {"content": "the time of the year when it is cold", "type": "definition"}, {"content": "(noun)", "type": "part_speech"}, {"content": "Example: Winter is a cold season.", "type": "example"}, {"content": "engenn1le01ob01aud08", "type": "audio"}], "type": "target_word"}, {"contents": [{"content": "Exchange basic personal information.", "type": "primary"}], "type": "objectives"}, {"content": "engenn1le01ob01re1img01.jpg", "type": "background_image"}]}