<?xml version="1.0" encoding="UTF-8" standalone="no"?>
<lom xmlns="http://ltsc.ieee.org/xsd/LOM">
    <general>
        <identifier>
            <catalog catName="" catSource="">esn1le01ob02re7</catalog>
        </identifier>
        <title lang="" subtitle="">¡A deletrear! - Aprendamos en papel</title>
        <description lang="es">Este recurso digital "¡A deletrear! - Aprendamos en papel" es el séptimo recurso del objeto de aprendizaje "¡A deletrear!", que a su vez pertenece a la lección No.1 "Mi contexto", la cual pertenece al nivel "Pre A1- Introductorio" de la enseñanza del español como segunda lengua, tiene por objeto servir de apoyo imprimible para ser usado tanto en clase como fuera de ella.</description>
        <keyword lang="">
            <li>abecedario</li>
            <li>consonante</li>
            <li>fonema</li>
            <li>grafema</li>
            <li>topónimo</li>
            <li>vocal</li>
        </keyword>
        <structure schema="CEM"/>
        <aggregationLevel schema="CEM"/>
    </general>
    <lifeCycle/>
    <metaMetadata/>
    <technical/>
    <educational>
        <description>
            <recommendedUse lang="es">Este recurso educativo digital imprimible permite al aprendiz continuar con su proceso de aprendizaje fuera de linea, en un formato que contiene el desarrollo de la temática expuesta en el objeto virtual.</recommendedUse>
            <triggerQuestion lang="es">¿Por qué es importante deletrear?
¿Qué palabras son difíciles de deletrear?</triggerQuestion>
            <pedagogicalAspect lang="es">Este recurso permite al aprendiz afianzar su proceso de aprendizaje en contextos en los que se encuentra fuera de linea, en clase o fuera de ella .</pedagogicalAspect>
            <learningGoal lang="es">Relacionar la fonología del español con los grafemas que corresponden o difieren con los fonemas en el sistema de escritura.</learningGoal>
        </description>
    </educational>
    <rights/>
    <classification>
    </classification>
<relation>
        <kind schema="">Es parte de</kind>
        <resource>
            <identifier>
                <catalog catName="" catSource="">esn1le01ob02</catalog>
            </identifier>
            <description lang="">En este objeto de aprendizaje "¡A deletrear!", que forma parte de la lección No. 1 "Mi contexto" la cual pertenece a su vez al nivel "Pre A1- Introductorio" de la enseñanza del español como segunda lengua, el aprendiz podrá deletrear nombres, topónimos y otras palabras de su contexto inmediato usando el alfabeto en español. Una vez terminado el objeto, el aprendiz relacionará la fonología del español con los grafemas que corresponden o difieren con los fonemas en el sistema de escritura.</description>
        </resource>
    </relation>
</lom>
