<?xml version="1.0" encoding="UTF-8" standalone="no"?>
<lom xmlns="http://ltsc.ieee.org/xsd/LOM">
    <general>
        <identifier>
            <catalog catName="" catSource="">esn1le01ob02</catalog>
        </identifier>
        <title lang="" subtitle="">¡A deletrear!</title>
        <description lang="es">En este objeto de aprendizaje "¡A deletrear!", que forma parte de la lección No. 1 "Mi contexto" la cual pertenece a su vez al nivel "Pre A1- Introductorio" de la enseñanza del español como segunda lengua, el aprendiz podrá deletrear nombres, topónimos y otras palabras de su contexto inmediato usando el alfabeto en español. Una vez terminado el objeto, el aprendiz relacionará la fonología del español con los grafemas que corresponden o difieren con los fonemas en el sistema de escritura.</description>
        <keyword lang="">
            <li>abecedario</li>
            <li>consonante</li>
            <li>fonema</li>
            <li>grafema</li>
            <li>topónimo</li>
            <li>vocal</li>
        </keyword>
        <structure schema="CEM"/>
        <aggregationLevel schema="CEM"/>
    </general>
    <lifeCycle/>
    <metaMetadata/>
    <technical/>
    <educational>
        <description>
            <recommendedUse lang="es">Este objeto digital puede ser usado como una actividad que permita al aprendiz reflexionar el uso y la gramática de la lengua española en distintos contextos de habla. El instructor puede trabajar con actividades y tareas como estas, con el fin de ayudar a los aprendices a mejorar su conocimiento procedimental.</recommendedUse>
            <triggerQuestion lang="es">¿Por qué es importante deletrear?
¿Qué palabras son difíciles de deletrear?</triggerQuestion>
            <pedagogicalAspect lang="es">Información acerca del abecedario y los nombres de las letras.  Se presenta en el contexto en el que el aprendiz podrá deletrear nombres, topónimos y otras palabras de su contexto inmediato usando el alfabeto en español. Los aprendices estarán expuestos a vocabulario de los nombres de las letras.</pedagogicalAspect>
            <learningGoal lang="es">Relacionar la fonología del español con los grafemas que corresponden o difieren con los fonemas en el sistema de escritura.</learningGoal>
        </description>
    </educational>
    <rights/>
    <classification>
    </classification>
<relation>
        <kind schema="">Es parte de</kind>
        <resource>
            <identifier>
                <catalog catName="" catSource="">esn1le01</catalog>
            </identifier>
            <description lang="">En esta lección "Mi contexto", la cual pertenece al nivel "Pre A1- Introductorio", de la enseñanza del español como segunda lengua, el aprendiz podrá conocer cómo los fonemas del español se relacionan prototípicamente con la grafía a través del abecedario. También podrá nombrar entidades de su entorno con relativa eficacia. Una vez terminado el objeto, el aprendiz:
-Relacionará la fonología del español con los grafemas que corresponden o difieren con los fonemas en el sistema de escritura.
-Identificará los elementos morfológicos más simples de la gramática española.</description>
        </resource>
    </relation>
    <relation>
        <kind schema="">Está compuesto por</kind>
        <resource>
            <identifier>
                <catalog catName="" catSource="">esn1le01ob02re7</catalog>
            </identifier>
            <description lang="">Este recurso digital "¡A deletrear! - Aprendamos en papel" es el séptimo recurso del objeto de aprendizaje "¡A deletrear!", que a su vez pertenece a la lección No.1 "Mi contexto", la cual pertenece al nivel "Pre A1- Introductorio" de la enseñanza del español como segunda lengua, tiene por objeto servir de apoyo imprimible para ser usado tanto en clase como fuera de ella.</description>
        </resource>
    </relation>
    <relation>
        <kind schema="">Está compuesto por</kind>
        <resource>
            <identifier>
                <catalog catName="" catSource="">esn1le01ob02re5</catalog>
            </identifier>
            <description lang="">Este recurso digital "¡A deletrear! - Practiquemos 3" es el quinto recurso del objeto de aprendizaje "¡A deletrear!", que a su vez pertenece a la lección No.1 "Mi contexto", la cual pertenece al nivel "Pre A1- Introductorio" de la enseñanza del español como segunda lengua,  tiene la intención de trabajar en actividades que permitan a los aprendices reforzar sus habilidades lingüísticas.</description>
        </resource>
    </relation>
    <relation>
        <kind schema="">Está compuesto por</kind>
        <resource>
            <identifier>
                <catalog catName="" catSource="">esn1le01ob02re6</catalog>
            </identifier>
            <description lang="">Este recurso digital "¡A deletrear! - Evaluemos" es el sexto recurso del objeto de aprendizaje "¡A deletrear!", que a su vez pertenece a la lección No.1 "Mi contexto", la cual pertenece al nivel "Pre A1- Introductorio" de la enseñanza del español como segunda lengua,  tiene como objetivo evaluar los conocimientos adquiridos por el aprendiz.</description>
        </resource>
    </relation>
    <relation>
        <kind schema="">Está compuesto por</kind>
        <resource>
            <identifier>
                <catalog catName="" catSource="">esn1le01ob02re3</catalog>
            </identifier>
            <description lang="">Este recurso digital "¡A deletrear! - Practiquemos 1" es el tercer recurso del objeto de aprendizaje "¡A deletrear!", que a su vez pertenece a la lección No.1 "Mi contexto", la cual pertenece al nivel "Pre A1- Introductorio" de la enseñanza del español como segunda lengua, tiene la intención de trabajar en actividades que permitan al aprendiz reforzar sus habilidades lingüísticas.</description>
        </resource>
    </relation>
    <relation>
        <kind schema="">Está compuesto por</kind>
        <resource>
            <identifier>
                <catalog catName="" catSource="">esn1le01ob02re4</catalog>
            </identifier>
            <description lang="">Este recurso digital "¡A deletrear! - Practiquemos 2" es el cuarto recurso del objeto de aprendizaje "¡A deletrear!", que a su vez pertenece a la lección No.1 "Mi contexto", la cual pertenece al nivel "Pre A1- Introductorio" de la enseñanza del español como segunda lengua,  tiene la intención de trabajar en actividades que permitan a los aprendices reforzar sus habilidades lingüísticas.</description>
        </resource>
    </relation>
    <relation>
        <kind schema="">Está compuesto por</kind>
        <resource>
            <identifier>
                <catalog catName="" catSource="">esn1le01ob02re1</catalog>
            </identifier>
            <description lang="">Este recurso digital "¡A deletrear! - Empecemos" es el primer recurso del objeto de aprendizaje "¡A deletrear!", que a su vez pertenece a la lección No.1 "Mi contexto", la cual pertenece al nivel "Pre A1- Introductorio" de la enseñanza del español como segunda lengua. La intención de este recurso es presentar la temática que se abordará en el objeto, la función comunicativa y las preguntas detonantes.</description>
        </resource>
    </relation>
    <relation>
        <kind schema="">Está compuesto por</kind>
        <resource>
            <identifier>
                <catalog catName="" catSource="">esn1le01ob02re2</catalog>
            </identifier>
            <description lang="">Este recurso digital "¡A deletrear! - Exploremos" es el segundo recurso del objeto de aprendizaje "¡A deletrear!", que a su vez pertenece a la lección No.1 "Mi contexto", la cual pertenece al nivel "Pre A1- Introductorio" de la enseñanza del español como segunda lengua, presenta un estímulo que ayuda al aprendiz a integrar su conocimiento previo con el nuevo.</description>
        </resource>
    </relation>
</lom>
