{"labs": [{"exercises": [{"img_path": "", "template_override": 1, "stimuli_ids": [0], "_data": [{"contents": [{"content": "I can introduce myself and provide basic personal information.", "type": "Learning Outcomes"}, {"content": "I can say hello to a friend and a co-worker.", "type": "Learning Outcomes"}, {"content": "I can say the times of the day and the seasons.", "type": "Learning Outcomes"}, {"content": "How do you say hello to friends?", "type": "Free Header Item"}, {"content": "How do you say hello to your teacher?", "type": "Free Header Item"}], "type": "instructions"}, {"contents": [{"content": "Welcome", "type": "group_name"}], "type": "group"}, {"content": {"allowed_attempts": 2, "correct_feedback": "Correct", "attempt_feedback": [{"content": "You have 2 tries", "type": "text"}, {"content": "you have 1 attempt left", "type": "text"}], "incorrect_feedback": [{"content": "try again", "type": "text"}, {"content": "Maybe next time", "type": "text"}]}, "type": "feedback"}, {"content": "Ask your partner: ", "type": "free_header_text"}, {"content": "Ciao! Hola! Hello! Say hello to friends. Say hello to <span class=\"text-nowrap\">co-workers.</span>", "type": "free_type_text_area"}], "id": 0, "questions": [], "type": "WLC"}, {"template_override": 1, "type": "STI", "stimuli_ids": [1], "id": 1, "questions": [{"_data": [{"contents": [{"content": "", "type": "text"}], "type": "question"}], "id": 0, "responses": [{"selected": 0, "id": 0, "correct": 0, "_data": [{"content": "", "type": "text"}]}, {"selected": 0, "id": 1, "correct": 1, "_data": [{"content": "", "type": "text"}]}]}], "_data": [{"contents": [{"content": "\"Good morning.\" \"Good morning to you, <span class=\"tool-tip\" id=\"tip_1_0\">too</span>!\" Let's greet people.", "type": "text"}], "type": "instructions"}, {"contents": [{"content": "Content", "type": "group_name"}], "type": "group"}, {"contents": [{"content": "Reading", "value": "{\"type\": \"skill\", \"content\": \"Reading\"}", "type": "skill", "valid": 1}, {"content": "Listening", "value": "{\"type\": \"skill\", \"content\": \"Listening\"}", "type": "skill", "valid": 1}], "type": "learning_skills"}, {"content": {"allowed_attempts": 2, "correct_feedback": "Correct", "attempt_feedback": [{"content": "You have 2 tries", "type": "text"}, {"content": "you have 1 attempt left", "type": "text"}], "incorrect_feedback": [{"content": "try again", "type": "text"}, {"content": "Maybe next time", "type": "text"}]}, "type": "feedback"}, {"contents": [{"content": "Instructions: Click on the play button to listen to the audio.", "type": "text"}], "type": "post_instructions"}, {"content": [{"content": "<span class=\"italic\">\"too\"</span> means also.", "type": "text", "tip_id": 0}], "type": "tips"}]}, {"template_override": 1, "type": "TYP", "stimuli_ids": [], "id": 2, "questions": [{"_data": [{"contents": [{"content": "engenn1le01ob01re4aud01", "type": "audio"}, {"content": "The weather", "type": "text"}], "type": "question"}, {"contents": {"content": "nice today!", "type": ""}, "type": "post_question"}, {"content": "secondary_2", "type": "objective"}], "id": 0, "responses": [{"selected": 0, "id": 0, "correct": 0, "_data": [{"content": "", "type": "text"}]}, {"selected": 0, "id": 1, "correct": 1, "_data": [{"content": "is", "type": "text"}]}]}, {"_data": [{"contents": [{"content": "engenn1le01ob01re4aud02", "type": "audio"}, {"content": "Winter", "type": "text"}], "type": "question"}, {"contents": {"content": "my favorite season.", "type": ""}, "type": "post_question"}, {"content": "secondary_2", "type": "objective"}], "id": 1, "responses": [{"selected": 0, "id": 0, "correct": 0, "_data": [{"content": "", "type": "text"}]}, {"selected": 0, "id": 1, "correct": 1, "_data": [{"content": "is", "type": "text"}]}]}, {"_data": [{"contents": [{"content": "engenn1le01ob01re4aud03", "type": "audio"}, {"content": "I", "type": "text"}], "type": "question"}, {"contents": {"content": "too.", "type": ""}, "type": "post_question"}, {"content": "secondary_2", "type": "objective"}], "id": 2, "responses": [{"selected": 0, "id": 0, "correct": 0, "_data": [{"content": "", "type": "text"}]}, {"selected": 0, "id": 1, "correct": 1, "_data": [{"content": "am", "type": "text"}]}]}, {"_data": [{"contents": [{"content": "engenn1le01ob01re4aud04", "type": "audio"}, {"content": "", "type": "text"}], "type": "question"}, {"contents": {"content": "is movie night tonight.", "type": ""}, "type": "post_question"}, {"content": "secondary_2", "type": "objective"}], "id": 3, "responses": [{"selected": 0, "id": 0, "correct": 0, "_data": [{"content": "", "type": "text"}]}, {"selected": 0, "id": 1, "correct": 1, "_data": [{"content": "It", "type": "text"}]}]}, {"_data": [{"contents": [{"content": "engenn1le01ob01re4aud05", "type": "audio"}, {"content": "", "type": "text"}], "type": "question"}, {"contents": {"content": "afternoon, Kenji.", "type": ""}, "type": "post_question"}, {"content": "secondary_2", "type": "objective"}], "id": 4, "responses": [{"selected": 0, "id": 0, "correct": 0, "_data": [{"content": "", "type": "text"}]}, {"selected": 0, "id": 1, "correct": 1, "_data": [{"content": "Good", "type": "text"}]}]}], "_data": [{"contents": [{"content": "Let\u2019s practice <span class=\"tool-tip\" id=\"tip_2_0\">small talk</span>!", "type": "text"}], "type": "instructions"}, {"contents": [{"content": "Activity 2", "type": "group_name"}], "type": "group"}, {"content": {"allowed_attempts": 2, "correct_feedback": "Correct!", "attempt_feedback": [{"content": "", "type": "text"}, {"content": "", "type": "text"}], "incorrect_feedback": [{"content": "Whoops! Something important is missing.", "type": "text"}, {"content": "Maybe next time...", "type": "text"}]}, "type": "feedback"}, {"contents": [{"content": "Listening", "value": "{\"type\": \"skill\", \"content\": \"Listening\"}", "type": "skill", "valid": 1}, {"content": "Reading", "value": "{\"type\": \"skill\", \"content\": \"Reading\"}", "type": "skill", "valid": 1}, {"content": "Writing", "value": "{\"type\": \"skill\", \"content\": \"Writing\"}", "type": "skill", "valid": 1}], "type": "learning_skills"}, {"contents": [{"content": "<span class=\"italic\">Instructions: <span class = \"bullet\">Listen to the audio</span>. <span class = \"bullet\">Type in the missing words</span>. <span class = \"bullet\">Use a capital letter at the start of a sentence.</span></span>", "type": "text"}, {"content": "You have 2 attempts to submit your answers.", "type": "text"}], "type": "post_instructions"}, {"content": [{"content": "<span class=\"italic\">\"Small talk\"</span> is about the weather, the weekend, the day of the week, or the news.", "type": "text", "tip_id": 0}], "type": "tips"}]}, {"template_override": 1, "type": "SR1", "stimuli_ids": [], "id": 3, "questions": [{"_data": [{"contents": [{"content": "Good morning, Ms. Smith.", "type": "text"}], "type": "question"}, {"content": "secondary_7", "type": "objective"}], "id": 0, "responses": [{"selected": 0, "id": 0, "correct": 0, "_data": [{"content": "", "type": "text"}]}, {"selected": 0, "id": 1, "correct": 1, "_data": [{"content": "engenn1le01ob01re5aud01", "type": "text"}]}]}, {"_data": [{"contents": [{"content": "", "type": "rec"}], "type": "question"}, {"content": "secondary_7", "type": "objective"}], "id": 1, "responses": [{"selected": 0, "id": 0, "correct": 0, "_data": [{"content": "", "type": "text"}]}, {"selected": 0, "id": 1, "correct": 1, "_data": [{"content": "", "type": "text"}]}]}, {"_data": [{"contents": [{"content": "Good morning, Bill. ", "type": "text"}], "type": "question"}, {"content": "secondary_7", "type": "objective"}], "id": 2, "responses": [{"selected": 0, "id": 0, "correct": 0, "_data": [{"content": "", "type": "text"}]}, {"selected": 0, "id": 1, "correct": 1, "_data": [{"content": "engenn1le01ob01re5aud02", "type": "text"}]}]}, {"_data": [{"contents": [{"content": "", "type": "rec"}], "type": "question"}, {"content": "secondary_7", "type": "objective"}], "id": 3, "responses": [{"selected": 0, "id": 0, "correct": 0, "_data": [{"content": "", "type": "text"}]}, {"selected": 0, "id": 1, "correct": 1, "_data": [{"content": "", "type": "text"}]}]}, {"_data": [{"contents": [{"content": "I am happy it is Friday!", "type": "text"}], "type": "question"}, {"content": "secondary_7", "type": "objective"}], "id": 4, "responses": [{"selected": 0, "id": 0, "correct": 0, "_data": [{"content": "", "type": "text"}]}, {"selected": 0, "id": 1, "correct": 1, "_data": [{"content": "engenn1le01ob01re5aud03", "type": "text"}]}]}, {"_data": [{"contents": [{"content": "", "type": "rec"}], "type": "question"}, {"content": "secondary_7", "type": "objective"}], "id": 5, "responses": [{"selected": 0, "id": 0, "correct": 0, "_data": [{"content": "", "type": "text"}]}, {"selected": 0, "id": 1, "correct": 1, "_data": [{"content": "", "type": "text"}]}]}, {"_data": [{"contents": [{"content": "Summer is my favorite season.", "type": "text"}], "type": "question"}, {"content": "secondary_7", "type": "objective"}], "id": 6, "responses": [{"selected": 0, "id": 0, "correct": 0, "_data": [{"content": "", "type": "text"}]}, {"selected": 0, "id": 1, "correct": 1, "_data": [{"content": "engenn1le01ob01re5aud04", "type": "text"}]}]}, {"_data": [{"contents": [{"content": "", "type": "rec"}], "type": "question"}, {"content": "secondary_7", "type": "objective"}], "id": 7, "responses": [{"selected": 0, "id": 0, "correct": 0, "_data": [{"content": "", "type": "text"}]}, {"selected": 0, "id": 1, "correct": 1, "_data": [{"content": "", "type": "text"}]}]}, {"_data": [{"contents": [{"content": "Good afternoon to you too, Angela.", "type": "text"}], "type": "question"}, {"content": "secondary_7", "type": "objective"}], "id": 8, "responses": [{"selected": 0, "id": 0, "correct": 0, "_data": [{"content": "", "type": "text"}]}, {"selected": 0, "id": 1, "correct": 1, "_data": [{"content": "engenn1le01ob01re5aud05", "type": "text"}]}]}, {"_data": [{"contents": [{"content": "", "type": "rec"}], "type": "question"}, {"content": "secondary_7", "type": "objective"}], "id": 9, "responses": [{"selected": 0, "id": 0, "correct": 0, "_data": [{"content": "", "type": "text"}]}, {"selected": 0, "id": 1, "correct": 1, "_data": [{"content": "", "type": "text"}]}]}, {"_data": [{"contents": [{"content": "Hey, Jenny.", "type": "text"}], "type": "question"}, {"content": "secondary_7", "type": "objective"}], "id": 10, "responses": [{"selected": 0, "id": 0, "correct": 0, "_data": [{"content": "", "type": "text"}]}, {"selected": 0, "id": 1, "correct": 1, "_data": [{"content": "engenn1le01ob01re5aud06", "type": "text"}]}]}, {"_data": [{"contents": [{"content": "", "type": "rec"}], "type": "question"}, {"content": "secondary_7", "type": "objective"}], "id": 11, "responses": [{"selected": 0, "id": 0, "correct": 0, "_data": [{"content": "", "type": "text"}]}, {"selected": 0, "id": 1, "correct": 1, "_data": [{"content": "", "type": "text"}]}]}], "_data": [{"contents": [{"content": "<span class=\"tool-tip\" id=\"tip_3_2\">Good morning</span>, John! It is a nice day. ", "type": "text"}], "type": "instructions"}, {"contents": [{"content": "Activity 3", "type": "group_name"}], "type": "group"}, {"contents": [{"content": "Listening", "value": "{\"type\": \"skill\", \"content\": \"Listening\"}", "type": "skill", "valid": 1}, {"content": "Reading", "value": "{\"type\": \"skill\", \"content\": \"Reading\"}", "type": "skill", "valid": 1}, {"content": " ", "value": "{\"type\": \"skill\", \"content\": \" \"}", "type": "skill", "valid": 1}, {"content": "Speaking", "type": "skill"}], "type": "learning_skills"}, {"contents": [{"content": "Instructions: <span class = \"bullet\">Listen to the audio</span>.  <span class = \"bullet\">Record yourself saying the sentences aloud</span>. <span class = \"bullet\">Compare yourself to the audio.</span>", "type": "text"}], "type": "post_instructions"}, {"content": [{"content": "Polite greetings - Good morning<br />Casual greetings - Hi! Hey!", "type": "text", "tip_id": 0}, {"content": "<span class=\"italic\">\"Good morning\"</span> is a polite greeting. <span class=\"italic\">\"Hi\"</span> is a casual greeting.", "type": "text", "tip_id": 2}], "type": "tips"}, {"content": {"allowed_attempts": 2, "correct_feedback": "You are done!", "attempt_feedback": [{"content": "", "type": "text"}, {"content": "", "type": "text"}], "incorrect_feedback": [{"content": "", "type": "text"}, {"content": "", "type": "text"}]}, "type": "feedback"}]}, {"template_override": 1, "type": "DMC", "stimuli_ids": [], "id": 4, "questions": [{"_data": [{"contents": [{"content": "Select the casual greeting.  ", "type": "text"}], "type": "question"}, {"content": "secondary_8", "type": "objective"}], "id": 0, "responses": [{"selected": 0, "id": 0, "correct": 0, "_data": [{"content": "engenn1le01ob01re4aud05", "type": "audio"}]}, {"selected": 0, "id": 1, "correct": 0, "_data": [{"content": "engenn1le01ob01re5aud01", "type": "audio"}]}, {"text": "", "selected": 0, "id": 2, "correct": 1, "_data": [{"content": "engenn1le01ob01re5aud06", "type": "audio"}]}]}], "_data": [{"contents": [{"content": "Hello! Good afternoon!", "type": "text"}], "type": "instructions"}, {"contents": [{"content": "Quiz", "type": "group_name"}], "type": "group"}, {"content": {"allowed_attempts": 2, "correct_feedback": "Correct!", "attempt_feedback": [{"content": "You have 2 tries.", "type": "text"}, {"content": "", "type": "text"}], "incorrect_feedback": [{"content": "Try again.", "type": "text"}, {"content": "Maybe next time\u2026", "type": "text"}]}, "type": "feedback"}, {"contents": [{"content": "Instructions: Listen to the audio. Select the correct answer.", "type": "text"}], "type": "post_instructions"}, {"contents": [{"content": "BLANK", "type": "pre_quiz"}], "type": "pre_screen"}, {"contents": [], "type": "learning_skills"}]}, {"template_override": 1, "type": "MMM", "stimuli_ids": [], "id": 5, "questions": [{"_data": [{"contents": [{"content": "Select the seasons.", "type": "text"}], "type": "question"}, {"content": "secondary_3", "type": "objective"}], "id": 0, "responses": [{"selected": 0, "id": 0, "correct": true, "_data": [{"content": "Winter", "type": "text"}]}, {"text": "", "selected": 0, "id": 1, "correct": 0, "_data": [{"content": "Friday", "type": "text"}]}, {"text": "", "selected": 0, "id": 2, "correct": true, "_data": [{"content": "Summer", "type": "text"}]}, {"text": "", "selected": 0, "id": 3, "correct": 0, "_data": [{"content": "Morning", "type": "text"}]}, {"text": "", "selected": 0, "id": 4, "correct": 0, "_data": [{"content": "Night", "type": "text"}]}]}], "_data": [{"contents": [{"content": "The four seasons...", "type": "text"}], "type": "instructions"}, {"contents": [{"content": "Quiz", "type": "group_name"}], "type": "group"}, {"content": {"allowed_attempts": 2, "correct_feedback": "Correct!", "attempt_feedback": [{"content": "You have 2 tries.", "type": "text"}, {"content": "", "type": "text"}], "incorrect_feedback": [{"content": "Try again.", "type": "text"}, {"content": "Maybe next time\u2026", "type": "text"}]}, "type": "feedback"}, {"contents": [{"content": "Instructions: Select all the correct answers.", "type": "text"}], "type": "post_instructions"}, {"contents": [], "type": "learning_skills"}]}, {"template_override": 1, "type": "MRW", "stimuli_ids": [], "id": 6, "questions": [{"_data": [{"contents": [{"content": "Tom ", "type": "text"}], "type": "question"}, {"contents": {"content": "a nice person. ", "type": ""}, "type": "post_question"}, {"content": "secondary_4", "type": "objective"}], "id": 0, "responses": [{"selected": 0, "id": 0, "correct": 1, "_data": [{"content": "is", "type": "text"}]}, {"selected": 0, "id": 1, "correct": 0, "_data": [{"content": "are", "type": "text"}]}]}, {"_data": [{"contents": [{"content": "Summer ", "type": "text"}], "type": "question"}, {"contents": {"content": "a season.", "type": ""}, "type": "post_question"}, {"content": "secondary_4", "type": "objective"}], "id": 1, "responses": [{"selected": 0, "id": 0, "correct": 1, "_data": [{"content": "is", "type": "text"}]}, {"selected": 0, "id": 1, "correct": 0, "_data": [{"content": "are", "type": "text"}]}]}, {"_data": [{"contents": [{"content": "I", "type": "text"}], "type": "question"}, {"contents": {"content": "a student.", "type": ""}, "type": "post_question"}, {"content": "secondary_4", "type": "objective"}], "id": 2, "responses": [{"selected": 0, "id": 0, "correct": 0, "_data": [{"content": "is", "type": "text"}]}, {"selected": 0, "id": 1, "correct": 1, "_data": [{"content": "am", "type": "text"}]}]}], "_data": [{"contents": [{"content": "Is? Are? Am?", "type": "text"}], "type": "instructions"}, {"contents": [{"content": "Quiz", "type": "group_name"}], "type": "group"}, {"content": {"allowed_attempts": 2, "correct_feedback": "Correct!", "attempt_feedback": [{"content": "You have 2 tries.", "type": "text"}, {"content": "", "type": "text"}], "incorrect_feedback": [{"content": "Try again.", "type": "text"}, {"content": "Maybe next time\u2026", "type": "text"}]}, "type": "feedback"}, {"contents": [{"content": "Instructions: Click on the correct word to complete the sentence.", "type": "text"}], "type": "post_instructions"}, {"contents": [], "type": "learning_skills"}]}, {"template_override": 1, "type": "DMC", "stimuli_ids": [], "id": 7, "questions": [{"_data": [{"contents": [{"content": "Choose the word that is NOT a time of the day.  ", "type": "text"}], "type": "question"}, {"content": "secondary_5", "type": "objective"}], "id": 0, "responses": [{"selected": 0, "id": 0, "correct": 0, "_data": [{"content": "Morning ", "type": "text"}]}, {"selected": 0, "id": 1, "correct": 1, "_data": [{"content": "Friday ", "type": "text"}]}, {"text": "", "selected": 0, "id": 2, "correct": 0, "_data": [{"content": "Afternoon", "type": "text"}]}]}], "_data": [{"contents": [{"content": "What day is it?", "type": "text"}], "type": "instructions"}, {"contents": [{"content": "Quiz", "type": "group_name"}], "type": "group"}, {"content": {"allowed_attempts": 2, "correct_feedback": "Correct!", "attempt_feedback": [{"content": "You have 2 tries.", "type": "text"}, {"content": "", "type": "text"}], "incorrect_feedback": [{"content": "Try again.", "type": "text"}, {"content": "Maybe next time\u2026", "type": "text"}]}, "type": "feedback"}, {"contents": [{"content": "Instructions: Select the correct answer.", "type": "text"}], "type": "post_instructions"}, {"contents": [], "type": "learning_skills"}]}, {"template_override": 1, "type": "TYP", "stimuli_ids": [], "id": 8, "questions": [{"_data": [{"contents": [{"content": "engenn1le01ob01re6aud01", "type": "audio"}, {"content": "I", "type": "text"}], "type": "question"}, {"contents": {"content": "a student.<br />", "type": ""}, "type": "post_question"}, {"content": "secondary_6", "type": "objective"}], "id": 0, "responses": [{"selected": 0, "id": 0, "correct": 0, "_data": [{"content": "", "type": "text"}]}, {"selected": 0, "id": 1, "correct": 1, "_data": [{"content": "am", "type": "text"}]}, {"text": "", "selected": 0, "id": 2, "correct": 1, "_data": [{"content": "'m", "type": "text"}]}]}, {"_data": [{"contents": [{"content": "engenn1le01ob01re6aud02", "type": "audio"}, {"content": "It", "type": "text"}], "type": "question"}, {"contents": {"content": "summer. <br />", "type": ""}, "type": "post_question"}, {"content": "secondary_6", "type": "objective"}], "id": 1, "responses": [{"selected": 0, "id": 0, "correct": 0, "_data": [{"content": "", "type": "text"}]}, {"selected": 0, "id": 1, "correct": 1, "_data": [{"content": "is", "type": "text"}]}, {"text": "", "selected": 0, "id": 2, "correct": 1, "_data": [{"content": "'s", "type": "text"}]}]}, {"_data": [{"contents": [{"content": "engenn1le01ob01re6aud03", "type": "audio"}, {"content": "She", "type": "text"}], "type": "question"}, {"contents": {"content": "my friend. ", "type": ""}, "type": "post_question"}, {"content": "secondary_6", "type": "objective"}], "id": 2, "responses": [{"selected": 0, "id": 0, "correct": 0, "_data": [{"content": "", "type": "text"}]}, {"selected": 0, "id": 1, "correct": 1, "_data": [{"content": "is", "type": "text"}]}, {"text": "", "selected": 0, "id": 2, "correct": 1, "_data": [{"content": "'s", "type": "text"}]}]}], "_data": [{"contents": [{"content": "What does Annie say?", "type": "text"}], "type": "instructions"}, {"contents": [{"content": "Quiz", "type": "group_name"}], "type": "group"}, {"content": {"allowed_attempts": 2, "correct_feedback": "Correct!", "attempt_feedback": [{"content": "You have 2 tries.", "type": "text"}, {"content": "", "type": "text"}], "incorrect_feedback": [{"content": "Try again.", "type": "text"}, {"content": "Maybe next time\u2026", "type": "text"}]}, "type": "feedback"}, {"contents": [{"content": "Instructions: Listen to the audio. Type in the missing words.", "type": "text"}], "type": "post_instructions"}, {"contents": [], "type": "learning_skills"}]}, {"template_override": 1, "type": "RSLT", "stimuli_ids": [], "id": 9, "questions": [{"_data": [{"contents": [{"content": "", "type": "text"}], "type": "question"}], "id": 0, "responses": [{"selected": 0, "id": 0, "correct": 0, "_data": [{"content": "", "type": "text"}]}, {"selected": 0, "id": 1, "correct": 1, "_data": [{"content": "", "type": "text"}]}]}], "_data": [{"contents": [], "type": "instructions"}, {"contents": [{"content": "Quiz", "type": "group_name"}], "type": "group"}, {"content": {"allowed_attempts": 2, "correct_feedback": "Correct!", "attempt_feedback": [{"content": "You have 2 tries.", "type": "text"}, {"content": "", "type": "text"}], "incorrect_feedback": [{"content": "Try again.", "type": "text"}, {"content": "Maybe next time\u2026", "type": "text"}]}, "type": "feedback"}]}, {"template_override": 1, "type": "DWS", "stimuli_ids": [], "id": 10, "questions": [{"_data": [{"contents": [{"content": "engenn1le01ob01re7pdf01.pdf", "type": "pdf"}], "type": "question"}], "id": 0, "responses": [{"selected": 0, "id": 0, "correct": 1, "_data": [{"content": "", "type": "text"}]}]}], "_data": [{"contents": [], "type": "instructions"}, {"contents": [{"content": "Take Away", "type": "group_name"}], "type": "group"}, {"content": {"allowed_attempts": 2, "correct_feedback": "Correct!", "attempt_feedback": [{"content": "You have 2 tries.", "type": "text"}, {"content": "", "type": "text"}], "incorrect_feedback": [{"content": "Try again.", "type": "text"}, {"content": "Maybe next time\u2026", "type": "text"}]}, "type": "feedback"}, {"contents": [{"content": "Reading", "value": "{\"type\": \"skill\", \"content\": \"Reading\"}", "type": "skill", "valid": 1}, {"content": "Writing", "value": "{\"type\": \"skill\", \"content\": \"Writing\"}", "type": "skill", "valid": 1}, {"content": "Speaking", "value": "{\"type\": \"skill\", \"content\": \"Speaking\"}", "type": "skill", "valid": 1}], "type": "learning_skills"}]}, {"template_override": 1, "type": "MT1", "stimuli_ids": [], "id": 11, "questions": [{"_data": [{"contents": [{"content": "engenn1le01ob01re3img01.jpg", "type": "image"}], "type": "question"}, {"content": "secondary_1", "type": "objective"}], "id": 0, "responses": [{"selected": 0, "id": 0, "correct": 0, "_data": [{"content": "", "type": "text"}]}, {"selected": 0, "id": 1, "correct": 1, "_data": [{"content": "morning", "type": "text"}]}]}, {"_data": [{"contents": [{"content": "engenn1le01ob01re3img02.jpg", "type": "image"}], "type": "question"}, {"content": "secondary_1", "type": "objective"}], "id": 1, "responses": [{"selected": 0, "id": 0, "correct": 0, "_data": [{"content": "", "type": "text"}]}, {"selected": 0, "id": 1, "correct": 1, "_data": [{"content": "afternoon", "type": "text"}]}]}, {"_data": [{"contents": [{"content": "engenn1le01ob01re3img03.jpg", "type": "image"}], "type": "question"}, {"content": "secondary_1", "type": "objective"}], "id": 2, "responses": [{"selected": 0, "id": 0, "correct": 0, "_data": [{"content": "", "type": "text"}]}, {"selected": 0, "id": 1, "correct": 1, "_data": [{"content": "night", "type": "text"}]}]}, {"_data": [{"contents": [{"content": "engenn1le01ob01re3img04.jpg", "type": "image"}], "type": "question"}, {"content": "secondary_1", "type": "objective"}], "id": 3, "responses": [{"selected": 0, "id": 0, "correct": 0, "_data": [{"content": "", "type": "text"}]}, {"selected": 0, "id": 1, "correct": 1, "_data": [{"content": "summer", "type": "text"}]}]}, {"_data": [{"contents": [{"content": "engenn1le01ob01re3img05.jpg", "type": "image"}], "type": "question"}, {"content": "secondary_1", "type": "objective"}], "id": 4, "responses": [{"selected": 0, "id": 0, "correct": 0, "_data": [{"content": "", "type": "text"}]}, {"selected": 0, "id": 1, "correct": 1, "_data": [{"content": "weather", "type": "text"}]}]}, {"_data": [{"contents": [{"content": "engenn1le01ob01re3img06.jpg", "type": "image"}], "type": "question"}, {"content": "secondary_1", "type": "objective"}], "id": 5, "responses": [{"selected": 0, "id": 0, "correct": 0, "_data": [{"content": "", "type": "text"}]}, {"selected": 0, "id": 1, "correct": 1, "_data": [{"content": "Friday", "type": "text"}]}]}], "_data": [{"contents": [{"content": "Do you remember the target words? Let's find out!", "type": "text"}], "type": "instructions"}, {"contents": [{"content": "Activity 1", "type": "group_name"}], "type": "group"}, {"content": {"allowed_attempts": 2, "correct_feedback": "Correct!", "attempt_feedback": [{"content": "", "type": "text"}, {"content": "", "type": "text"}], "incorrect_feedback": [{"content": "Whoops! Something important is missing.", "type": "text"}, {"content": "Maybe next time\u2026", "type": "text"}]}, "type": "feedback"}, {"contents": [{"content": "Reading", "value": "{\"type\": \"skill\", \"content\": \"Reading\"}", "type": "skill", "valid": 1}], "type": "learning_skills"}, {"contents": [{"content": "Instructions: Move the words up or down <span class=\"sena-icon sena-icon-vertical-drag\"></span> according to the pictures.", "type": "text"}, {"content": "You have 2 attempts to submit your answers.", "type": "text"}], "type": "post_instructions"}]}], "stimuli": [{"id": 0, "type": "welcome", "contents": [{}], "_data": []}, {"_data": [{"content": [], "type": "tips"}], "id": 1, "type": "audio", "contents": [{"value": {"images": [{"text": "", "time": "0", "image": "engenn1le01ob01re2img01.jpg", "id": 0}, {"text": "<span class=\"strong\">Bill</span>: Good morning, Ms. Smith. My name is Bill.<br />\n<span class=\"strong\">Ms. Smith</span>: Good morning, Bill. The weather is nice today!<br />\n<span class=\"strong\">Bill</span>: Yes, I love this weather. Summer is my favorite season.<br />\n<span class=\"strong\">Ms. Smith</span>: Winter is my favorite season.", "time": "400", "image": "engenn1le01ob01re2img01.jpg", "id": 1}, {"text": "<span class=\"strong\">Angela</span>: Good afternoon, Kenji. <br />\n<span class=\"strong\">Kenji</span>: Good afternoon to you too, Angela. I am happy it is Friday! <br />\n<span class=\"strong\">Angela</span>: I am too.", "time": "17500", "image": "engenn1le01ob01re2img02.jpg", "id": 2}, {"text": "<span class=\"strong\">Dad</span>: Hey, Jenny.<br />\n<span class=\"strong\">Jenny</span>: Hi, Dad. It is movie night tonight.<br />\n<span class=\"strong\">Dad</span>: It is pizza night too!<br />\n<span class=\"strong\">Jenny</span>: YESSSSSSS!", "time": "27000", "image": "engenn1le01ob01re2img03.jpg", "id": 3}], "audiosrc": "engenn1le01ob01re2aud01", "coverimg": "engenn1le01ob01re2img01.jpg"}, "type": "slideshow"}], "title": ""}], "id": 0, "type": "scholar", "_data": [{"contents": [{"content": true, "type": "has_nav"}, {"content": true, "type": "has_exercise_controls"}], "type": "lab_options"}]}], "type": "sena", "_data": [{"contents": [{"content": "What's Your Name?", "type": "lesson_name"}, {"content": "Hello!", "type": "unit_name"}, {"content": 1, "type": "position"}, {"content": "stub", "type": "origin"}, {"content": 1, "type": "lesson"}, {"content": "Beginner", "type": "level"}], "type": "metadata"}, {"contents": [{"content": "false", "type": "test"}], "type": "achievment_test"}, {"contents": [{"content": "morning", "type": "name"}, {"content": "the early part of the day", "type": "definition"}, {"content": "(noun)", "type": "part_speech"}, {"content": "Example: The morning is cool.", "type": "example"}, {"content": "engenn1le01ob01aud01", "type": "audio"}], "type": "target_word"}, {"contents": [{"content": "weather", "type": "name"}, {"content": "wind, rain, sun, temperature ", "type": "definition"}, {"content": "(noun)", "type": "part_speech"}, {"content": "Example: The weather is nice today. It is sunny.", "type": "example"}, {"content": "engenn1le01ob01aud02", "type": "audio"}], "type": "target_word"}, {"contents": [{"content": "summer", "type": "name"}, {"content": "the time of the year when it is hot", "type": "definition"}, {"content": "(noun)", "type": "part_speech"}, {"content": "Example: Summer is a fun season.", "type": "example"}, {"content": "engenn1le01ob01aud03", "type": "audio"}], "type": "target_word"}, {"contents": [{"content": "season", "type": "name"}, {"content": "a time of the year: spring, summer, autumn, winter", "type": "definition"}, {"content": "(noun)", "type": "part_speech"}, {"content": "Example: There are four seasons in a year.", "type": "example"}, {"content": "engenn1le01ob01aud04", "type": "audio"}], "type": "target_word"}, {"contents": [{"content": "afternoon", "type": "name"}, {"content": "the middle of the day", "type": "definition"}, {"content": "(noun)", "type": "part_speech"}, {"content": "Example: The afternoon is hot.", "type": "example"}, {"content": "engenn1le01ob01aud05", "type": "audio"}], "type": "target_word"}, {"contents": [{"content": "Friday", "type": "name"}, {"content": "the day before the weekend", "type": "definition"}, {"content": "(noun)", "type": "part_speech"}, {"content": "Example: Everyone is happy on Friday.", "type": "example"}, {"content": "engenn1le01ob01aud06", "type": "audio"}], "type": "target_word"}, {"contents": [{"content": "night", "type": "name"}, {"content": "when it is dark", "type": "definition"}, {"content": "(noun)", "type": "part_speech"}, {"content": "Example: I am asleep at night.", "type": "example"}, {"content": "engenn1le01ob01aud07", "type": "audio"}], "type": "target_word"}, {"contents": [{"content": " These are words you hear in small talk.", "type": "text"}], "type": "target_word_describer"}, {"contents": [{"content": " The Verb To Be with I, He, She, It", "type": "heading"}, {"content": "The verb <span class=\"strong\">to be</span> is very common. You use the verb <span class=\"strong\">to be</span> in introductions and in statements. <br />Read the examples. Say them aloud.  ", "type": "describer"}, {"content": "{\"rows\":\"5\",\"columns\":\"4\",\"cells\":[\"{\\\"type\\\": \\\"text\\\", \\\"content\\\": \\\"<span class=\\\"strong\\\">Long Form</span>\\\"}\",\"{\\\"type\\\": \\\"text\\\", \\\"content\\\": \\\"<span class=\\\"strong\\\">Short Form</span>\\\"}\",\"{\\\"type\\\": \\\"text\\\", \\\"content\\\": \\\"<span class=\\\"strong\\\">Example </span>\\\"}\",\"\",\"{\\\"type\\\": \\\"text\\\", \\\"content\\\": \\\"I am \\\"}\",\"{\\\"type\\\": \\\"text\\\", \\\"content\\\": \\\"I'm \\\"}\",\"{\\\"type\\\": \\\"text\\\", \\\"content\\\": \\\"<span class=\\\"italic\\\">I'm a student.</span>\\\"}\",\"{\\\"type\\\": \\\"image\\\", \\\"content\\\": \\\"engenn1le01ob01img01.jpg\\\"}\",\"{\\\"type\\\": \\\"text\\\", \\\"content\\\": \\\"He is\\\"}\",\"{\\\"type\\\": \\\"text\\\", \\\"content\\\": \\\"He's \\\"}\",\"{\\\"type\\\": \\\"text\\\", \\\"content\\\": \\\"<span class=\\\"italic\\\">He's a teacher.</span>\\\"}\",\"{\\\"type\\\": \\\"image\\\", \\\"content\\\": \\\"engenn1le01ob01img02.jpg\\\"}\",\"{\\\"type\\\": \\\"text\\\", \\\"content\\\": \\\"She is\\\"}\",\"{\\\"type\\\": \\\"text\\\", \\\"content\\\": \\\"She's\\\"}\",\"{\\\"type\\\": \\\"text\\\", \\\"content\\\": \\\"<span class=\\\"italic\\\">She is a woman.</span>\\\"}\",\"{\\\"type\\\": \\\"image\\\", \\\"content\\\": \\\"engenn1le01ob01img03.jpg\\\"}\",\"{\\\"type\\\": \\\"text\\\", \\\"content\\\": \\\"It is\\\"}\",\"{\\\"type\\\": \\\"text\\\", \\\"content\\\": \\\"It's \\\"}\",\"{\\\"type\\\": \\\"text\\\", \\\"content\\\": \\\"<span class=\\\"italic\\\">It is a book.</span>\\\"}\",\"{\\\"type\\\": \\\"image\\\", \\\"content\\\": \\\"engenn1le01ob01img04.jpg\\\"}\"],\"styles\":\" intro_table_border instruction_table_background\"}", "type": "table"}], "type": "learning_points"}, {"contents": [{"content": " Polite and Casual Greetings", "type": "heading"}, {"content": "You use polite greetings with people at work.  You use casual greetings with people you know.<br />  Read the chart.  Say the polite and casual greetings.", "type": "describer"}, {"content": "{\"rows\":\"3\",\"columns\":\"3\",\"cells\":[\"{\\\"type\\\": \\\"text\\\", \\\"content\\\": \\\"<span class=\\\"strong\\\">Types of Greetings</span>\\\"}\",\"{\\\"type\\\": \\\"text\\\", \\\"content\\\": \\\"<span class=\\\"strong\\\">Example</span>\\\"}\",\"{\\\"type\\\": \\\"text\\\", \\\"content\\\": \\\"<span class=\\\"strong\\\">Example Dialogue</span>\\\"}\",\"{\\\"type\\\": \\\"text\\\", \\\"content\\\": \\\"Polite Greetings\\\"}\",\"{\\\"type\\\": \\\"text\\\", \\\"content\\\": \\\"<span class=\\\"italic\\\">Hello.<br /> Good morning.<br />Good afternoon.<br />Good evening.</span>\\\"}\",\"{\\\"type\\\": \\\"text\\\", \\\"content\\\": \\\"<span class=\\\"italic\\\"><span class=\\\"strong\\\">Mr. Rogers</span>: Hello, Ms. Smith.<br /> <span class=\\\"strong\\\">Ms. Smith</span>: Good morning, Mr. Rogers.</span>\\\"}\",\"{\\\"type\\\": \\\"text\\\", \\\"content\\\": \\\"Casual Greetings\\\"}\",\"{\\\"type\\\": \\\"text\\\", \\\"content\\\": \\\"<span class=\\\"italic\\\">Hi.<br /> Hey. <br />Hello.<br /> Morning.<br />Afternoon.<br />Evening.</span>\\\"}\",\"{\\\"type\\\": \\\"text\\\", \\\"content\\\": \\\"<span class=\\\"italic\\\"><span class=\\\"strong\\\">Karla</span>: Hey, Jason.<br /><span class=\\\"strong\\\">Jason</span>: Hi, Karla.</span>\\\"}\"],\"styles\":\" intro_table_border instruction_table_background\"}", "type": "table"}], "type": "learning_points"}, {"contents": [{"content": "winter", "type": "name"}, {"content": "the time of the year when it is cold", "type": "definition"}, {"content": "(noun)", "type": "part_speech"}, {"content": "Example: Winter is a cold season.", "type": "example"}, {"content": "engenn1le01ob01aud08", "type": "audio"}], "type": "target_word"}, {"contents": [{"content": "Exchange basic personal information.", "type": "primary"}, {"content": "Understands simple information, vocabulary and expressions in short conversations about personal information. ", "type": "secondary_1"}, {"content": "Understands simple information, vocabulary and expressions in short conversations about personal information. ", "type": "secondary_2"}, {"content": "Understands simple information, vocabulary and expressions in short conversations about personal information. ", "type": "secondary_3"}, {"content": "Understands simple information, vocabulary and expressions in short conversations about personal information. ", "type": "secondary_4"}, {"content": "Understands simple information, vocabulary and expressions in short conversations about personal information. ", "type": "secondary_5"}, {"content": "Understands simple information, vocabulary and expressions in short conversations about personal information. ", "type": "secondary_6"}, {"content": "Uses the correct greeting expressions and polite expressions depending on the type of interlocutor. ", "type": "secondary_7"}, {"content": "Uses the correct greeting expressions and polite expressions depending on the type of interlocutor. ", "type": "secondary_8"}], "type": "objectives"}, {"content": "engenn1le01ob01re1img01.jpg", "type": "background_image"}]}