<?xml version="1.0" encoding="UTF-8" standalone="no"?>
<lom xmlns="http://ltsc.ieee.org/xsd/LOM">
    <general>
        <identifier>
            <catalog catName="" catSource="">esn1le01ob01re1</catalog>
        </identifier>
        <title lang="" subtitle="">¡Empecemos!</title>
        <description lang="es">Este recurso digital Empecemos, es el primer recurso del objeto  "Las letras", hace parte de la lección No. 1. Mi contexto, la cual pertenece al nivel Introductorio (Pre-A1) de la enseñanza del español como segunda lengua. Su intención es presentar la temática que se abordará en el objeto, el resultado del aprendizaje, la función comunicativa y las preguntas detonantes.</description>
        <keyword lang="">
            <li>Fonología</li>
            <li>Grafemas</li>
            <li>Fonemas</li>
            <li>Elementos fonéticos</li>
        </keyword>
        <structure schema="CEM"/>
        <aggregationLevel schema="CEM"/>
    </general>
    <lifeCycle/>
    <metaMetadata/>
    <technical/>
    <educational>
        <description>
            <recommendedUse lang="es">Este recurso educativo digital puede ser usado como una actividad de calentamiento para motivar al aprendiz y presentar un tema que le permita establecer una relación entre  el conocimiento previo y el nuevo.</recommendedUse>
            <triggerQuestion lang="es">¿Qué importancia tiene el abecedario para la comunicación?

¿Es importante saber sobre el abecedario para la lectura y la escritura?</triggerQuestion>
            <pedagogicalAspect lang="es">Este recurso tiene la intención de motivar al aprendiz mediante la presentación de un tema y establecer una relación entre el conocimiento previo y el nuevo.</pedagogicalAspect>
            <learningGoal lang="es">La propuesta de este objeto de aprendizaje es relacionar la fonología del español y  los grafemas que corresponden o difieren con los fonemas en el sistema de escritura. Identifica y usa los elementos morfológicos más simples de la gramática española.</learningGoal>
        </description>
    </educational>
    <rights/>
    <classification>
    </classification>
<relation>
        <kind schema="">Es parte de</kind>
        <resource>
            <identifier>
                <catalog catName="" catSource="">esn1le01ob01</catalog>
            </identifier>
            <description lang="">En este objeto de aprendizaje “Las letras", que forma parte de la lección No.1. Mi contexto, la cual pertenece a su vez al nivel Introductorio (Pre-A1) de la enseñanza del español como segunda lengua. El aprendiz: Reconoce la grafía del español y puede usarla para dar ejemplos de léxico del español que se pueda asociar con cada letra. Una vez terminado el objeto, el aprendiz: Relaciona la fonología del español y los grafemas que corresponden o difieren con los fonemas en el sistema de escritura. Además, identifica y usa los elementos morfológicos más simples de la gramática española.</description>
        </resource>
    </relation>
</lom>
