<?xml version="1.0" encoding="UTF-8" standalone="no"?><lom xmlns="http://ltsc.ieee.org/xsd/LOM">
    <general>
        <identifier>
            <catalog catName="" catSource="">esn1le01ob01</catalog>
        </identifier>
        <title lang="" subtitle="">Las letras</title>
        <description lang="es">En este objeto de aprendizaje “Las letras", que forma parte de la lección No.1. Mi contexto, la cual pertenece a su vez al nivel Introductorio (Pre-A1) de la enseñanza del español como segunda lengua. El aprendiz: Reconoce la grafía del español y puede usarla para dar ejemplos de léxico del español que se pueda asociar con cada letra. Una vez terminado el objeto, el aprendiz: Relaciona la fonología del español y los grafemas que corresponden o difieren con los fonemas en el sistema de escritura. Además, identifica y usa los elementos morfológicos más simples de la gramática española.</description>
        <keyword lang=""><li>Fonología</li><li>Grafemas</li><li>Fonemas</li><li>Elementos fonéticos</li></keyword>
        <structure schema="CEM"/>
        <aggregationLevel schema="CEM"/>
    </general>
    <lifeCycle/>
    <metaMetadata/>
    <technical/>
    <educational>
        <description>
            <recommendedUse lang="es">Este objeto digital puede ser usado como una actividad práctica de punto de partida para desarrollar habilidades comunicativas de la vida diaria. El instructor puede trabajar con actividades y tareas como estas, con el fin de ayudar a los aprendices a mejorar su conocimiento procedimental.</recommendedUse>
            <triggerQuestion lang="es">¿Qué importancia tiene el abecedario para la comunicación?

¿Es importante saber sobre el abecedario para la lectura y la escritura?</triggerQuestion>
            <pedagogicalAspect lang="es">La información acerca del abecedario, es decir, los nombres de las letras. Se presenta en el contexto de la identificación del nombre de las letras, también para que se refuerce la relevancia de la grafía en el contexto occidental. Los aprendices estarán expuestos al vocabulario relacionado con palabras que inicien o contengan las letras del abecedario.</pedagogicalAspect>
            <learningGoal lang="es">La propuesta de este objeto de aprendizaje es relacionar la fonología del español y los grafemas que corresponden o difieren con los fonemas en el sistema de escritura. Identifica y usa los elementos morfológicos más simples de la gramática española.</learningGoal>
        </description>
    </educational>
    <rights/>
    <classification>
    </classification>
</lom>