{"help_skills_icons_title":"Habilidades:","help_skills_icons_text":" estos íconos indican las habilidades más destacadas dentro de la temática.","help_activity_icons_title":"Let’s practice:","help_activity_icons_text":" estas son actividades de práctica.","help_welcome_icon_title":"Let’s start:","help_welcome_icon_text":" aquí encontrará la introducción a la temática de estudio.","help_content_icon_title":"Let’s explore:","help_content_icon_text":" aquí inicia su proceso de aprendizaje.","help_breadcrumbs_title":"Cabezote:","help_breadcrumbs_text":" esta es la ruta que describe el idioma, nivel y nombre de la lección.","help_menu_title":"Menú herramientas: ","help_menu_text":" pantalla completa (full screen), créditos, ayuda, apagar sonidos de la interfaz, información del producto, accesibilidad.","help_target_words_icon_title":"Target words:","help_target_words_icon_text":" acá encontrará el vocabulario más relevante de la temática.","help_Language_points_icon":"LANGUAGE POINT: Acá encontrará la gramática y aspectos culturales trabajados en la temática.","help_quiz_icon_title":"Check your progress:","help_quiz_icon_text":" acá se verificará su progreso de aprendizaje.","help_takeaway_icon_title":"Takeaway (PDF):","help_takeaway_icon_text":" acá encontrará la versión imprimible de la temática y actividades.","no_recording":"Your browser does not support audio recording. Please use a modern browser such as FireFox or Chrome","allow_recording":"Please allow access to your microphone.","learning_skill_listening":"Listening","learning_skill_reading":"Reading","learning_skill_writing":"Writing","learning_skill_speeking":"Speaking","help_learning_point_title":"Learning point:","help_learning_point_text":" acá encontrará la gramática más relevante de la temática.","help_start_test_title":"Start Test:","help_start_test_text":" aquí encontrará las funciones comunicativas que serán evaluadas a lo largo del test, las instrucciones y algunos tips para tener en cuenta.","help_questions_title":"Questions:","help_questions_text":" estas son las preguntas del test.","help_result_title":"Result:","help_result_text":" aquí conocerá el porcentaje obtenido en el test."}