<?xml version="1.0" encoding="UTF-8" standalone="no"?>
<lom xmlns="http://ltsc.ieee.org/xsd/LOM">
    <general>
        <identifier>
            <catalog catName="" catSource="">esn1le01ob01re7</catalog>
        </identifier>
        <title lang="" subtitle="">Aprendamos en papel</title>
        <description lang="es">Este recurso educativo digital Aprendamos en papel es el séptimo recurso del objeto “Las letras", que a su vez pertenece a la lección No. 1 Mi contexto, la cual pertenece al nivel Introductorio (Pre-A1), de la enseñanza del español como segunda lengua.  Su intención es servir de apoyo imprimible para ser usado tanto en clase como fuera de ella.</description>
        <keyword lang="">
            <li>Grafemas</li>
            <li>Fonemas</li>
            <li>Procesos comunicativos</li>
            <li>Gramática</li>
            <li>Elementos fonéticos</li>
        </keyword>
        <structure schema="CEM"/>
        <aggregationLevel schema="CEM"/>
    </general>
    <lifeCycle/>
    <metaMetadata/>
    <technical/>
    <educational>
        <description>
            <recommendedUse lang="es">Este recurso educativo digital imprimible permite al aprendiz continuar con su proceso de aprendizaje fuera de linea, en un formato que contiene el desarrollo de la temática expuesta en el objeto virtual.</recommendedUse>
            <triggerQuestion lang="es">¿Qué importancia tiene el abecedario para la comunicación? ; ¿Es importante saber sobre el abecedario para la lectura y la escritura?</triggerQuestion>
            <pedagogicalAspect lang="es">Este recurso permite al aprendiz afianzar su proceso de aprendizaje en contextos en los que se encuentra fuera de linea, en clase o fuera de ella.</pedagogicalAspect>
            <learningGoal lang="es">La propuesta de este objeto de aprendizaje es relacionar la fonología del español y  los grafemas que corresponden o difieren con los fonemas en el sistema de escritura. Identifica y usa los elementos morfológicos más simples de la gramática española.</learningGoal>
        </description>
    </educational>
    <rights/>
    <classification>
    </classification>
<relation>
        <kind schema="">Es parte de</kind>
        <resource>
            <identifier>
                <catalog catName="" catSource="">esn1le01ob01</catalog>
            </identifier>
            <description lang="">En este objeto de aprendizaje “Las letras", que forma parte de la lección No.1. Mi contexto, la cual pertenece a su vez al nivel Introductorio (Pre-A1) de la enseñanza del español como segunda lengua. El aprendiz: Reconoce la grafía del español y puede usarla para dar ejemplos de léxico del español que se pueda asociar con cada letra. Una vez terminado el objeto, el aprendiz: Relaciona la fonología del español y los grafemas que corresponden o difieren con los fonemas en el sistema de escritura. Además, identifica y usa los elementos morfológicos más simples de la gramática española.</description>
        </resource>
    </relation>
</lom>
