{"name":"robert","language":"eng","color":"default","feedback_type":"sena","product_templates":["header","welcome","lab_selector","ko_templates","learning_modals","header_modals"],"sidebar_templates":[],"sidebar_tools":[],"product_css":["main","nav","lab_selector","header","sidebar","welcome","exercise_controls","dictionary","media","group_bar","sena-icons","learning_skills"],"swordfish_js":{"required_scripts":[{"type":"generic","contents":["core","record","dragdrop","objects","helper"]},{"type":"product","contents":["sena"]}]},"exercise_common_instructions":[{"type":"MMM","text":"Click on the best options."},{"type":"SFL","text":"Drag the answer to the correct place."},{"type":"MF1","text":"Drag the answer to the correct place."},{"type":"SMC","text":"Select the best option."},{"type":"MT1","text":"Drag the answers to the correct place."},{"type":"MMC","text":"Select all the correct answers."},{"type":"DFL","text":"Drag the answer to the correct place."},{"type":"SR1","text":"Listen and repeat."},{"type":"DR1","text":"Listen and repeat."},{"type":"TAB","text":"Click the boxes in the table."},{"type":"MRW","text":"Click on the best option."},{"type":"CHW","text":"Click on the best option."},{"type":"DMC","text":"Click on the best options."},{"type":"TYP","text":"Click on a blank and type your response."},{"type":"SLW","text":"Click on one option in each sentence or paragraph."},{"type":"SLWG","text":"Click on one sentence in each paragraph."},{"type":"SFG","text":"Click and drag your choice to the best location."},{"type":"ELS","text":"Click on the sentence you wish to delete."},{"type":"MFL","text":"Open the drop-drown list to each blank. Click the correct answer."},{"type":"REC","text":"Practice your speaking"},{"type":"DWS","text":"Download the worksheet"},{"type":"SLS","text":"Click on one sentence in each paragraph."},{"type":"HNG","text":"Guess the correct letters to uncover the hidden word."},{"type":"SPK","text":"test"}],"template_overrides":[{"type":"SFL","overrides":[2]},{"type":"TYP","overrides":[2]},{"type":"MF1","overrides":[2]},{"type":"MRW","overrides":[2]},{"type":"MFL","overrides":[2]}],"lab_task_names":{},"exercise_scorm_types":[{"exercise_type":"ATA","scorm_type":"other"},{"exercise_type":"CAS","scorm_type":"other"},{"exercise_type":"CHW","scorm_type":"true-false"},{"exercise_type":"CWD","scorm_type":"fill-in"},{"exercise_type":"DFL","scorm_type":"other"},{"exercise_type":"DMC","scorm_type":"choice"},{"exercise_type":"DWS","scorm_type":"other"},{"exercise_type":"ELS","scorm_type":"choice"},{"exercise_type":"FLC","scorm_type":"other"},{"exercise_type":"GIW","scorm_type":"fill-in"},{"exercise_type":"GWR","scorm_type":"long-fill-in"},{"exercise_type":"HNG","scorm_type":"other"},{"exercise_type":"KAR","scorm_type":"other"},{"exercise_type":"MCH","scorm_type":"other"},{"exercise_type":"MF1","scorm_type":"choice"},{"exercise_type":"MFL","scorm_type":"choice"},{"exercise_type":"MMM","scorm_type":"choice"},{"exercise_type":"MRW","scorm_type":"choice"},{"exercise_type":"MT1","scorm_type":"other"},{"exercise_type":"PRP","scorm_type":"other"},{"exercise_type":"REC","scorm_type":"other"},{"exercise_type":"RSLT","scorm_type":"other"},{"exercise_type":"SFG","scorm_type":"choice"},{"exercise_type":"SFL","scorm_type":"other"},{"exercise_type":"SLS","scorm_type":"choice"},{"exercise_type":"SLW","scorm_type":"choice"},{"exercise_type":"SLWG","scorm_type":"choice"},{"exercise_type":"SPK","scorm_type":"other"},{"exercise_type":"SR1","scorm_type":"other"},{"exercise_type":"STI","scorm_type":"other"},{"exercise_type":"TAB","scorm_type":"choice"},{"exercise_type":"TTT","scorm_type":"other"},{"exercise_type":"TYP","scorm_type":"fill-in"},{"exercise_type":"WDS","scorm_type":"other"},{"exercise_type":"WLC","scorm_type":"other"},{"exercise_type":"WSB","scorm_type":"other"}]}